experiment,category,mode,M,N,K,implementation,variant,median_ms,mean_ms,min_ms,stddev_ms,reps,ns_per_invocation,gflops,packing_ms,compute_ms,max_abs_error,relative_error,max_abs_error_vs_fp64,status,spread_pct,n_runs
hot_microkernel,hot,hot_microkernel,64,16,128,SME 4x1,64x16 tile,1.668000,1.668632,1.655792,0.010478,175,488.576000,536.547000,NA,NA,0.000000e+00,0.000000e+00,0.000000e+00,PASS,0.71,3
hot_microkernel,hot,hot_microkernel,64,16,128,SME 4x1 [iso],"64x16, smstart/call",1.668917,1.686685,1.656750,0.009374,181,488.845000,536.252000,NA,NA,0.000000e+00,0.000000e+00,0.000000e+00,PASS,0.52,3
hot_microkernel,hot,hot_microkernel,32,32,128,SME 2x2,32x32 tile,1.803375,1.805201,1.791125,0.011080,162,488.323000,536.826000,NA,NA,0.000000e+00,0.000000e+00,0.000000e+00,PASS,0.39,3
hot_microkernel,hot,hot_microkernel,32,32,128,SME 2x2 [iso],"32x32, smstart/call",1.801750,1.806267,1.792000,0.016663,167,487.882000,537.310000,NA,NA,0.000000e+00,0.000000e+00,0.000000e+00,PASS,0.43,3
hot_microkernel,hot,hot_microkernel,16,64,128,SME 1x4,16x64 tile,1.877416,1.878480,1.864833,0.010757,154,488.074000,537.099000,NA,NA,0.000000e+00,0.000000e+00,0.000000e+00,PASS,0.26,3
hot_microkernel,hot,hot_microkernel,16,64,128,SME 1x4 [iso],"16x64, smstart/call",1.871167,1.873745,1.865791,0.008259,154,486.649000,538.671000,NA,NA,0.000000e+00,0.000000e+00,0.000000e+00,PASS,0.22,3
hot_microkernel,hot,hot_microkernel,16,64,128,SME 1x4sym,16x64 tile,1.744375,1.763036,1.740541,0.013735,173,485.475000,539.975000,NA,NA,0.000000e+00,0.000000e+00,0.000000e+00,PASS,0.13,3
hot_microkernel,hot,hot_microkernel,16,64,128,SME 1x4sym [iso],"16x64, smstart/call",1.744917,1.747489,1.741416,0.007389,174,485.679000,539.748000,NA,NA,0.000000e+00,0.000000e+00,0.000000e+00,PASS,0.11,3
hot_microkernel,hot,hot_microkernel,64,16,128,SME 4x1ZP,64x16 tile,1.740271,1.742741,1.738667,0.006301,170,485.431000,540.023000,NA,NA,0.000000e+00,0.000000e+00,0.000000e+00,PASS,0.10,3
hot_microkernel,hot,hot_microkernel,64,16,128,SME 4x1ZP [iso],"64x16, smstart/call",1.746375,1.746430,1.739416,0.009039,173,485.805000,539.608000,NA,NA,0.000000e+00,0.000000e+00,0.000000e+00,PASS,0.63,3
hot_microkernel,hot,hot_microkernel,16,64,128,SME 1x4Acc,16x64 tile,1.599458,1.602203,1.596750,0.008182,188,181.576000,1443.712000,NA,NA,0.000000e+00,0.000000e+00,0.000000e+00,PASS,0.36,3
hot_microkernel,hot,hot_microkernel,16,64,128,SME 1x4Acc [iso],"16x64, smstart/call",1.602416,1.604270,1.599791,0.007023,188,181.917000,1441.007000,NA,NA,0.000000e+00,0.000000e+00,0.000000e+00,PASS,0.36,3
hot_microkernel,hot,hot_microkernel,16,64,128,SME 1x4Acc [amort],"16x64, zero+store amort",1.151125,1.152660,1.145125,0.007368,201,130.765000,2004.694000,NA,NA,0.000000e+00,0.000000e+00,0.000000e+00,PASS,4.43,3
hot_microkernel,hot,hot_microkernel,16,64,128,SME 1x4AccKc,16x64 tile,1.655938,1.659014,1.649083,0.009551,182,182.191000,1438.839000,NA,NA,0.000000e+00,0.000000e+00,0.000000e+00,PASS,0.04,3
hot_microkernel,hot,hot_microkernel,16,64,128,SME 1x4AccKc [iso],"16x64, smstart/call",1.658041,1.661785,1.651833,0.011442,182,182.423000,1437.013000,NA,NA,0.000000e+00,0.000000e+00,0.000000e+00,PASS,0.07,3
hot_microkernel,hot,hot_microkernel,16,64,128,SME 1x4AccKc [amort],"16x64, zero+store amort",1.188375,1.190360,1.182292,0.007435,201,130.749000,2004.945000,NA,NA,0.000000e+00,0.000000e+00,0.000000e+00,PASS,7.73,3
hot_microkernel,hot,hot_microkernel,32,32,128,KAI 2VL,32x32 tile,1.568625,1.570761,1.560875,0.014439,160,191.607000,1368.133000,NA,NA,0.000000e+00,0.000000e+00,0.000000e+00,PASS,2.20,3
hot_microkernel,hot,hot_microkernel,16,16,128,KAI 8VS,16x16 tile,1.788292,1.816936,1.770709,0.094884,160,114.100000,574.372000,NA,NA,3.337860e-06,2.031063e-07,0.000000e+00,PASS,12.62,3
hot_microkernel,hot,hot_microkernel,64,16,256,SME 4x1,64x16 tile,1.913771,1.916726,1.906917,0.008870,158,617.763000,848.689000,NA,NA,0.000000e+00,0.000000e+00,0.000000e+00,PASS,0.38,3
hot_microkernel,hot,hot_microkernel,64,16,256,SME 4x1 [iso],"64x16, smstart/call",1.916042,1.919300,1.908375,0.009616,155,618.078000,848.255000,NA,NA,0.000000e+00,0.000000e+00,0.000000e+00,PASS,0.32,3
hot_microkernel,hot,hot_microkernel,32,32,256,SME 2x2,32x32 tile,1.806709,1.809502,1.799791,0.009399,167,617.482000,849.074000,NA,NA,0.000000e+00,0.000000e+00,0.000000e+00,PASS,0.26,3
hot_microkernel,hot,hot_microkernel,32,32,256,SME 2x2 [iso],"32x32, smstart/call",1.807500,1.811246,1.800583,0.009169,167,617.740000,848.720000,NA,NA,0.000000e+00,0.000000e+00,0.000000e+00,PASS,0.26,3
hot_microkernel,hot,hot_microkernel,16,64,256,SME 1x4,16x64 tile,1.870416,1.874371,1.861667,0.013577,154,617.911000,848.485000,NA,NA,0.000000e+00,0.000000e+00,0.000000e+00,PASS,0.23,3
hot_microkernel,hot,hot_microkernel,16,64,256,SME 1x4 [iso],"16x64, smstart/call",1.869625,1.871907,1.862500,0.009096,156,617.649000,848.844000,NA,NA,0.000000e+00,0.000000e+00,0.000000e+00,PASS,0.30,3
hot_microkernel,hot,hot_microkernel,16,64,256,SME 1x4sym,16x64 tile,1.802166,1.804098,1.796250,0.008454,166,617.475000,849.084000,NA,NA,0.000000e+00,0.000000e+00,0.000000e+00,PASS,0.31,3
hot_microkernel,hot,hot_microkernel,16,64,256,SME 1x4sym [iso],"16x64, smstart/call",1.805667,1.809575,1.795375,0.010633,167,618.403000,847.810000,NA,NA,0.000000e+00,0.000000e+00,0.000000e+00,PASS,0.46,3
hot_microkernel,hot,hot_microkernel,64,16,256,SME 4x1ZP,64x16 tile,1.808958,1.810346,1.796500,0.008520,166,617.935000,848.451000,NA,NA,0.000000e+00,0.000000e+00,0.000000e+00,PASS,0.29,3
hot_microkernel,hot,hot_microkernel,64,16,256,SME 4x1ZP [iso],"64x16, smstart/call",1.809667,1.811588,1.797458,0.009614,167,617.718000,848.750000,NA,NA,0.000000e+00,0.000000e+00,0.000000e+00,PASS,0.30,3
hot_microkernel,hot,hot_microkernel,16,64,256,SME 1x4Acc,16x64 tile,1.693021,1.695591,1.684834,0.008299,155,312.851000,1675.837000,NA,NA,0.000000e+00,0.000000e+00,0.000000e+00,PASS,0.09,3
hot_microkernel,hot,hot_microkernel,16,64,256,SME 1x4Acc [iso],"16x64, smstart/call",1.728959,1.750694,1.686750,0.011001,155,313.187000,1674.042000,NA,NA,0.000000e+00,0.000000e+00,0.000000e+00,PASS,2.06,3
hot_microkernel,hot,hot_microkernel,16,64,256,SME 1x4Acc [amort],"16x64, zero+store amort",1.478500,1.481296,1.407250,0.010355,186,261.535000,2004.656000,NA,NA,0.000000e+00,0.000000e+00,0.000000e+00,PASS,4.40,3
hot_microkernel,hot,hot_microkernel,16,64,256,SME 1x4AccKc,16x64 tile,1.631833,1.634216,1.624666,0.009926,185,312.851000,1675.837000,NA,NA,0.000000e+00,0.000000e+00,0.000000e+00,PASS,0.21,3
hot_microkernel,hot,hot_microkernel,16,64,256,SME 1x4AccKc [iso],"16x64, smstart/call",1.633542,1.635743,1.627333,0.008481,184,313.184000,1674.056000,NA,NA,0.000000e+00,0.000000e+00,0.000000e+00,PASS,0.50,3
hot_microkernel,hot,hot_microkernel,16,64,256,SME 1x4AccKc [amort],"16x64, zero+store amort",1.361708,1.363563,1.357000,0.018314,201,261.515000,2004.811000,NA,NA,0.000000e+00,0.000000e+00,0.000000e+00,PASS,8.01,3
hot_microkernel,hot,hot_microkernel,32,32,256,KAI 2VL,32x32 tile,1.640041,1.642209,1.620250,0.013644,185,321.953000,1628.464000,NA,NA,0.000000e+00,0.000000e+00,0.000000e+00,PASS,0.95,3
hot_microkernel,hot,hot_microkernel,16,16,256,KAI 8VS,16x16 tile,1.655750,1.630996,1.561084,0.032119,190,147.223000,890.294000,NA,NA,5.722046e-06,2.753174e-07,0.000000e+00,PASS,9.44,3
hot_microkernel,hot,hot_microkernel,64,16,512,SME 4x1,64x16 tile,1.858125,1.861516,1.851250,0.009398,163,878.584000,1193.485000,NA,NA,0.000000e+00,0.000000e+00,0.000000e+00,PASS,0.01,3
hot_microkernel,hot,hot_microkernel,64,16,512,SME 4x1 [iso],"64x16, smstart/call",1.858645,1.860787,1.851708,0.008125,163,878.792000,1193.201000,NA,NA,0.000000e+00,0.000000e+00,0.000000e+00,PASS,0.01,3
hot_microkernel,hot,hot_microkernel,32,32,512,SME 2x2,32x32 tile,1.932562,1.935862,1.925583,0.008653,155,878.438000,1193.683000,NA,NA,0.000000e+00,0.000000e+00,0.000000e+00,PASS,0.03,3
hot_microkernel,hot,hot_microkernel,32,32,512,SME 2x2 [iso],"32x32, smstart/call",1.933105,1.937546,1.926166,0.010470,156,878.867000,1193.100000,NA,NA,0.000000e+00,0.000000e+00,0.000000e+00,PASS,0.06,3
hot_microkernel,hot,hot_microkernel,16,64,512,SME 1x4,16x64 tile,1.883208,1.885338,1.875000,0.007998,161,893.065000,1174.132000,NA,NA,0.000000e+00,0.000000e+00,0.000000e+00,PASS,0.15,3
hot_microkernel,hot,hot_microkernel,16,64,512,SME 1x4 [iso],"16x64, smstart/call",1.884729,1.886805,1.874333,0.008288,161,894.508000,1172.237000,NA,NA,0.000000e+00,0.000000e+00,0.000000e+00,PASS,0.17,3
hot_microkernel,hot,hot_microkernel,16,64,512,SME 1x4sym,16x64 tile,1.912958,1.916349,1.904333,0.010056,156,878.663000,1193.376000,NA,NA,0.000000e+00,0.000000e+00,0.000000e+00,PASS,0.06,3
hot_microkernel,hot,hot_microkernel,16,64,512,SME 1x4sym [iso],"16x64, smstart/call",1.912583,1.915690,1.904916,0.014881,158,878.944000,1192.995000,NA,NA,0.000000e+00,0.000000e+00,0.000000e+00,PASS,0.07,3
hot_microkernel,hot,hot_microkernel,64,16,512,SME 4x1ZP,64x16 tile,1.901792,1.903517,1.894875,0.008163,158,878.495000,1193.605000,NA,NA,0.000000e+00,0.000000e+00,0.000000e+00,PASS,0.02,3
hot_microkernel,hot,hot_microkernel,64,16,512,SME 4x1ZP [iso],"64x16, smstart/call",1.902855,1.906650,1.895459,0.010565,158,878.917000,1193.032000,NA,NA,0.000000e+00,0.000000e+00,0.000000e+00,PASS,0.05,3
hot_microkernel,hot,hot_microkernel,16,64,512,SME 1x4Acc,16x64 tile,1.879104,1.903610,1.838167,0.010551,162,574.563000,1824.996000,NA,NA,0.000000e+00,0.000000e+00,0.000000e+00,PASS,1.74,3
hot_microkernel,hot,hot_microkernel,16,64,512,SME 1x4Acc [iso],"16x64, smstart/call",1.898792,1.902397,1.840834,0.009286,162,574.355000,1825.657000,NA,NA,0.000000e+00,0.000000e+00,0.000000e+00,PASS,5.08,3
hot_microkernel,hot,hot_microkernel,16,64,512,SME 1x4Acc [amort],"16x64, zero+store amort",1.727791,1.729614,1.674167,0.009088,179,522.815000,2005.636000,NA,NA,0.000000e+00,0.000000e+00,0.000000e+00,PASS,7.75,3
hot_microkernel,hot,hot_microkernel,16,64,512,SME 1x4AccKc,16x64 tile,1.844333,1.847672,1.837167,0.011394,163,574.235000,1826.041000,NA,NA,0.000000e+00,0.000000e+00,0.000000e+00,PASS,3.04,3
hot_microkernel,hot,hot_microkernel,16,64,512,SME 1x4AccKc [iso],"16x64, smstart/call",1.845500,1.849494,1.838416,0.009943,163,574.222000,1826.080000,NA,NA,0.000000e+00,0.000000e+00,0.000000e+00,PASS,3.63,3
hot_microkernel,hot,hot_microkernel,16,64,512,SME 1x4AccKc [amort],"16x64, zero+store amort",1.679625,1.683428,1.672334,0.010817,179,522.596000,2006.474000,NA,NA,0.000000e+00,0.000000e+00,0.000000e+00,PASS,7.26,3
hot_microkernel,hot,hot_microkernel,32,32,512,KAI 2VL,32x32 tile,1.836896,1.841005,1.827708,0.009981,164,583.340000,1797.538000,NA,NA,0.000000e+00,0.000000e+00,0.000000e+00,PASS,6.02,3
hot_microkernel,hot,hot_microkernel,16,16,512,KAI 8VS,16x16 tile,1.756750,1.759652,1.712417,0.010486,171,170.409000,1538.319000,NA,NA,1.430511e-05,4.871500e-07,0.000000e+00,PASS,9.21,3
hot_microkernel,hot,hot_microkernel,64,16,1024,SME 4x1,64x16 tile,1.963583,1.966870,1.956625,0.008805,153,1400.823000,1497.086000,NA,NA,0.000000e+00,0.000000e+00,0.000000e+00,PASS,0.09,3
hot_microkernel,hot,hot_microkernel,64,16,1024,SME 4x1 [iso],"64x16, smstart/call",1.965417,1.968530,1.957041,0.009660,152,1401.306000,1496.570000,NA,NA,0.000000e+00,0.000000e+00,0.000000e+00,PASS,0.04,3
hot_microkernel,hot,hot_microkernel,32,32,1024,SME 2x2,32x32 tile,1.980334,1.983724,1.971917,0.009619,152,1401.116000,1496.772000,NA,NA,0.000000e+00,0.000000e+00,0.000000e+00,PASS,0.08,3
hot_microkernel,hot,hot_microkernel,32,32,1024,SME 2x2 [iso],"32x32, smstart/call",1.980667,1.984332,1.972292,0.010841,149,1401.880000,1495.957000,NA,NA,0.000000e+00,0.000000e+00,0.000000e+00,PASS,0.40,3
hot_microkernel,hot,hot_microkernel,16,64,1024,SME 1x4,16x64 tile,1.942542,1.946512,1.934625,0.009545,164,1452.468000,1443.855000,NA,NA,0.000000e+00,0.000000e+00,0.000000e+00,PASS,0.08,3
hot_microkernel,hot,hot_microkernel,16,64,1024,SME 1x4 [iso],"16x64, smstart/call",1.943459,1.947284,1.933958,0.011444,163,1452.510000,1443.812000,NA,NA,0.000000e+00,0.000000e+00,0.000000e+00,PASS,0.25,3
hot_microkernel,hot,hot_microkernel,16,64,1024,SME 1x4sym,16x64 tile,1.913708,1.916658,1.906292,0.008493,157,1400.958000,1496.942000,NA,NA,0.000000e+00,0.000000e+00,0.000000e+00,PASS,0.04,3
hot_microkernel,hot,hot_microkernel,16,64,1024,SME 1x4sym [iso],"16x64, smstart/call",1.915208,1.917974,1.906834,0.008822,157,1401.352000,1496.520000,NA,NA,0.000000e+00,0.000000e+00,0.000000e+00,PASS,0.07,3
hot_microkernel,hot,hot_microkernel,64,16,1024,SME 4x1ZP,64x16 tile,1.913291,1.916479,1.904792,0.009983,158,1401.678000,1496.172000,NA,NA,0.000000e+00,0.000000e+00,0.000000e+00,PASS,0.08,3
hot_microkernel,hot,hot_microkernel,64,16,1024,SME 4x1ZP [iso],"64x16, smstart/call",1.917042,1.928499,1.905125,0.009148,158,1401.671000,1496.180000,NA,NA,0.000000e+00,0.000000e+00,0.000000e+00,PASS,0.22,3
hot_microkernel,hot,hot_microkernel,16,64,1024,SME 1x4Acc,16x64 tile,1.918500,1.922613,1.874708,0.010091,157,1096.286000,1912.961000,NA,NA,0.000000e+00,0.000000e+00,0.000000e+00,PASS,5.46,3
hot_microkernel,hot,hot_microkernel,16,64,1024,SME 1x4Acc [iso],"16x64, smstart/call",1.919625,1.922915,1.875875,0.008851,154,1096.929000,1911.840000,NA,NA,0.000000e+00,0.000000e+00,0.000000e+00,PASS,4.87,3
hot_microkernel,hot,hot_microkernel,16,64,1024,SME 1x4Acc [amort],"16x64, zero+store amort",1.828291,1.830760,1.821208,0.010674,165,1045.439000,2006.001000,NA,NA,0.000000e+00,0.000000e+00,0.000000e+00,PASS,8.44,3
hot_microkernel,hot,hot_microkernel,16,64,1024,SME 1x4AccKc,16x64 tile,1.917229,1.918953,1.886958,0.008578,156,1096.867000,1911.948000,NA,NA,0.000000e+00,0.000000e+00,0.000000e+00,PASS,5.27,3
hot_microkernel,hot,hot_microkernel,16,64,1024,SME 1x4AccKc [iso],"16x64, smstart/call",1.927417,1.931563,1.889041,0.011180,156,1097.367000,1911.076000,NA,NA,0.000000e+00,0.000000e+00,0.000000e+00,PASS,7.19,3
hot_microkernel,hot,hot_microkernel,16,64,1024,SME 1x4AccKc [amort],"16x64, zero+store amort",1.836625,1.840126,1.798333,0.014864,163,1044.802000,2007.225000,NA,NA,0.000000e+00,0.000000e+00,0.000000e+00,PASS,7.14,3
hot_microkernel,hot,hot_microkernel,32,32,1024,KAI 2VL,32x32 tile,1.973416,1.977532,1.956500,0.014086,153,1105.656000,1896.750000,NA,NA,0.000000e+00,0.000000e+00,0.000000e+00,PASS,8.03,3
hot_microkernel,hot,hot_microkernel,16,16,1024,KAI 8VS,16x16 tile,1.780125,1.800527,1.768208,0.044851,169,300.697000,1743.577000,NA,NA,2.670288e-05,6.157844e-07,0.000000e+00,PASS,12.29,3
hot_microkernel,hot,hot_microkernel,64,16,2048,SME 4x1,64x16 tile,1.841000,1.855232,1.812459,0.009548,168,2446.566000,1714.364000,NA,NA,0.000000e+00,0.000000e+00,0.000000e+00,PASS,1.15,3
hot_microkernel,hot,hot_microkernel,64,16,2048,SME 4x1 [iso],"64x16, smstart/call",1.842770,1.862968,1.815250,0.009512,173,2446.203000,1714.618000,NA,NA,0.000000e+00,0.000000e+00,0.000000e+00,PASS,1.27,3
hot_microkernel,hot,hot_microkernel,32,32,2048,SME 2x2,32x32 tile,1.984208,1.987961,1.975709,0.010008,152,2446.619000,1714.327000,NA,NA,0.000000e+00,0.000000e+00,0.000000e+00,PASS,4.38,3
hot_microkernel,hot,hot_microkernel,32,32,2048,SME 2x2 [iso],"32x32, smstart/call",1.983000,1.986753,1.975958,0.013053,152,2446.007000,1714.755000,NA,NA,0.000000e+00,0.000000e+00,0.000000e+00,PASS,4.42,3
hot_microkernel,hot,hot_microkernel,16,64,2048,SME 1x4,16x64 tile,2.002542,2.006940,1.992333,0.010427,154,2567.362000,1633.702000,NA,NA,0.000000e+00,0.000000e+00,0.000000e+00,PASS,2.26,3
hot_microkernel,hot,hot_microkernel,16,64,2048,SME 1x4 [iso],"16x64, smstart/call",2.003292,2.005599,1.992417,0.009242,153,2570.441000,1631.745000,NA,NA,0.000000e+00,0.000000e+00,0.000000e+00,PASS,3.25,3
hot_microkernel,hot,hot_microkernel,16,64,2048,SME 1x4sym,16x64 tile,2.001417,2.004603,1.958458,0.010654,154,2446.720000,1714.256000,NA,NA,0.000000e+00,0.000000e+00,0.000000e+00,PASS,6.98,3
hot_microkernel,hot,hot_microkernel,16,64,2048,SME 1x4sym [iso],"16x64, smstart/call",1.967167,1.969871,1.958875,0.010060,153,2446.725000,1714.252000,NA,NA,0.000000e+00,0.000000e+00,0.000000e+00,PASS,1.17,3
hot_microkernel,hot,hot_microkernel,64,16,2048,SME 4x1ZP,64x16 tile,1.955875,1.958387,1.948916,0.009447,154,2446.844000,1714.169000,NA,NA,0.000000e+00,0.000000e+00,0.000000e+00,PASS,1.88,3
hot_microkernel,hot,hot_microkernel,64,16,2048,SME 4x1ZP [iso],"64x16, smstart/call",1.957396,1.961861,1.950709,0.011433,154,2446.745000,1714.238000,NA,NA,0.000000e+00,0.000000e+00,0.000000e+00,PASS,1.74,3
hot_microkernel,hot,hot_microkernel,16,64,2048,SME 1x4Acc,16x64 tile,1.992833,1.997474,1.883083,0.015130,151,2142.831000,1957.366000,NA,NA,0.000000e+00,0.000000e+00,0.000000e+00,PASS,8.23,3
hot_microkernel,hot,hot_microkernel,16,64,2048,SME 1x4Acc [iso],"16x64, smstart/call",1.991167,1.995004,1.883375,0.010821,151,2141.040000,1959.003000,NA,NA,0.000000e+00,0.000000e+00,0.000000e+00,PASS,7.88,3
hot_microkernel,hot,hot_microkernel,16,64,2048,SME 1x4Acc [amort],"16x64, zero+store amort",1.942792,1.946872,1.897541,0.011000,155,2089.420000,2007.401000,NA,NA,0.000000e+00,0.000000e+00,0.000000e+00,PASS,7.99,3
hot_microkernel,hot,hot_microkernel,16,64,2048,SME 1x4AccKc,16x64 tile,1.986708,1.990232,1.979042,0.009475,151,2140.850000,1959.177000,NA,NA,0.000000e+00,0.000000e+00,0.000000e+00,PASS,6.49,3
hot_microkernel,hot,hot_microkernel,16,64,2048,SME 1x4AccKc [iso],"16x64, smstart/call",1.987958,2.002054,1.979375,0.082468,151,2142.212000,1957.931000,NA,NA,0.000000e+00,0.000000e+00,0.000000e+00,PASS,6.31,3
hot_microkernel,hot,hot_microkernel,16,64,2048,SME 1x4AccKc [amort],"16x64, zero+store amort",1.938625,1.942728,1.931500,0.048990,154,2099.853000,1997.427000,NA,NA,0.000000e+00,0.000000e+00,0.000000e+00,PASS,7.87,3
hot_microkernel,hot,hot_microkernel,32,32,2048,KAI 2VL,32x32 tile,1.991417,1.995240,1.984709,0.012687,151,2152.763000,1948.335000,NA,NA,0.000000e+00,0.000000e+00,0.000000e+00,PASS,6.82,3
hot_microkernel,hot,hot_microkernel,16,16,2048,KAI 8VS,16x16 tile,1.864604,1.853267,1.757333,0.081696,170,592.879000,1768.618000,NA,NA,4.768372e-05,9.017850e-07,0.000000e+00,PASS,12.27,3
zero_only,square,zero_only,256,256,256,memset C,,0.002042,0.002047,0.002000,0.000017,51,NA,16432.141000,NA,NA,0.000000e+00,0.000000e+00,0.000000e+00,PASS,25.36,3
end_to_end,square,end_to_end,256,256,256,SME 4x1,"C+=A*B, memset timed",0.052583,0.052732,0.052416,0.000890,151,NA,638.123000,NA,NA,0.000000e+00,0.000000e+00,2.247812e-06,PASS,3.08,3
end_to_end,square,end_to_end,256,256,256,SME 2x2,"C+=A*B, memset timed",0.049541,0.049742,0.049417,0.000837,151,NA,677.306000,NA,NA,0.000000e+00,0.000000e+00,2.247812e-06,PASS,0.08,3
end_to_end,square,end_to_end,256,256,256,SME 1x4,"C+=A*B, memset timed",0.051959,0.052140,0.051834,0.000782,151,NA,645.787000,NA,NA,0.000000e+00,0.000000e+00,2.247812e-06,PASS,0.16,3
end_to_end,square,end_to_end,256,256,256,SME 1x4sym,"C+=A*B, memset timed",0.051959,0.052183,0.051834,0.000721,151,NA,645.787000,NA,NA,0.000000e+00,0.000000e+00,2.247812e-06,PASS,0.16,3
end_to_end,square,end_to_end,256,256,256,SME 4x1ZP,"C+=A*B, memset timed",0.049667,0.049835,0.049541,0.000522,151,NA,675.588000,NA,NA,0.000000e+00,0.000000e+00,2.247812e-06,PASS,0.17,3
end_to_end,square,end_to_end,256,256,256,SME 1x4ZAIO,"C+=A*B, memset timed",0.060958,0.061097,0.060875,0.000617,151,NA,550.452000,NA,NA,0.000000e+00,0.000000e+00,2.247812e-06,PASS,0.90,3
end_to_end,square,end_to_end,256,256,256,SME 1x4Acc,"C=A*B, no memset",0.024041,0.024092,0.023958,0.000329,151,NA,1395.717000,NA,NA,0.000000e+00,0.000000e+00,2.247812e-06,PASS,0.35,3
end_to_end,square,end_to_end,256,256,256,SME 1x4AccKc,"C=A*B, no memset",0.024000,0.024060,0.023958,0.000113,151,NA,1398.101000,NA,NA,0.000000e+00,0.000000e+00,2.247812e-06,PASS,0.17,3
end_to_end,square,end_to_end,256,256,256,KAI 2VL,,0.028250,0.028261,0.025583,0.000455,151,NA,1187.768000,NA,NA,0.000000e+00,0.000000e+00,2.247812e-06,PASS,0.15,3
end_to_end,square,end_to_end,256,256,256,KAI 8VS,,0.026291,0.026177,0.021583,0.000665,151,NA,1276.271000,NA,NA,0.000000e+00,0.000000e+00,2.247812e-06,PASS,0.16,3
end_to_end,square,end_to_end,256,256,256,Accelerate,,0.018792,0.018904,0.018750,0.000575,151,NA,1785.570000,NA,NA,0.000000e+00,0.000000e+00,2.247812e-06,PASS,0.22,3
prepacked_full_gemm,square,kernel_only,256,256,256,SME 4x1,"C+=A*B, memset timed",0.044958,0.045012,0.044834,0.000304,151,NA,746.351000,NA,NA,0.000000e+00,0.000000e+00,2.247812e-06,PASS,0.00,3
prepacked_full_gemm,square,kernel_only,256,256,256,SME 2x2,"C+=A*B, memset timed",0.045167,0.045324,0.044709,0.000603,151,NA,742.897000,NA,NA,0.000000e+00,0.000000e+00,2.247812e-06,PASS,0.00,3
prepacked_full_gemm,square,kernel_only,256,256,256,SME 1x4,"C+=A*B, memset timed",0.044958,0.045082,0.044542,0.000659,151,NA,746.351000,NA,NA,0.000000e+00,0.000000e+00,2.247812e-06,PASS,0.00,3
prepacked_full_gemm,square,kernel_only,256,256,256,SME 1x4sym,"C+=A*B, memset timed",0.044917,0.044997,0.044459,0.000435,151,NA,747.032000,NA,NA,0.000000e+00,0.000000e+00,2.247812e-06,PASS,0.00,3
prepacked_full_gemm,square,kernel_only,256,256,256,SME 4x1ZP,"C+=A*B, memset timed",0.044958,0.045092,0.044417,0.000517,151,NA,746.351000,NA,NA,0.000000e+00,0.000000e+00,2.247812e-06,PASS,0.00,3
prepacked_full_gemm,square,kernel_only,256,256,256,SME 1x4Acc,"C=A*B, no memset",0.019917,0.019921,0.019834,0.000034,151,NA,1684.713000,NA,NA,0.000000e+00,0.000000e+00,2.247812e-06,PASS,0.00,3
prepacked_full_gemm,square,kernel_only,256,256,256,SME 1x4AccKc,"C=A*B, no memset",0.019917,0.020043,0.019833,0.000837,151,NA,1684.713000,NA,NA,0.000000e+00,0.000000e+00,2.247812e-06,PASS,0.00,3
prepacked_full_gemm,square,kernel_only,256,256,256,KAI 2VL,,0.019375,0.019424,0.019333,0.000387,151,NA,1731.842000,NA,NA,0.000000e+00,0.000000e+00,2.247812e-06,PASS,0.00,3
prepacked_full_gemm,square,kernel_only,256,256,256,KAI 8VS,,0.017042,0.017051,0.016959,0.000043,151,NA,1968.926000,NA,NA,0.000000e+00,0.000000e+00,2.247812e-06,PASS,0.00,3
panel_blocked,square,end_to_end,256,256,256,KAIpanel 2VL,Mc=256 Kc=2048 Nc=512,0.028958,0.028920,0.025104,0.000511,151,NA,1158.728000,0.004750,0.023167,0.000000e+00,0.000000e+00,2.247812e-06,PASS,0.00,2
panel_blocked,square,end_to_end,256,256,256,KAIpanel 8VS,Mc=256 Kc=2048 Nc=512,0.026333,0.026277,0.021667,0.000508,151,NA,1274.235000,0.005167,0.020417,0.000000e+00,0.000000e+00,2.247812e-06,PASS,0.00,1
ggml_cpu,square,end_to_end,256,256,256,llama-native,"graph exec, default buft",0.799917,0.801954,0.794167,0.008048,101,NA,41.947000,NA,NA,1.525879e-05,3.029652e-07,1.290962e-06,PASS,0.41,3
ggml_cpu,square,end_to_end,256,256,256,llama-native+setup,graph rebuild+exec,0.805500,0.808036,0.797667,0.008138,101,NA,41.657000,NA,NA,1.525879e-05,3.029652e-07,1.290962e-06,PASS,0.19,3
ggml_cpu,square,end_to_end,256,256,256,llama-kleidiai,"graph exec, CPU_KLEIDIAI buft",0.029458,0.029571,0.028875,0.000603,101,NA,1139.060000,NA,NA,0.000000e+00,0.000000e+00,2.247812e-06,PASS,0.14,3
ggml_cpu,square,end_to_end,256,256,256,llama-kleidiai+setup,graph rebuild+exec,0.033084,0.033540,0.032458,0.001024,101,NA,1014.219000,NA,NA,0.000000e+00,0.000000e+00,2.247812e-06,PASS,0.75,3
zero_only,square,zero_only,512,512,512,memset C,,0.007333,0.007321,0.007250,0.000030,51,NA,36606.499000,NA,NA,0.000000e+00,0.000000e+00,0.000000e+00,PASS,1.16,3
end_to_end,square,end_to_end,512,512,512,SME 4x1,"C+=A*B, memset timed",0.260958,0.262188,0.260791,0.002377,151,NA,1028.654000,NA,NA,0.000000e+00,0.000000e+00,6.646435e-06,PASS,0.02,3
end_to_end,square,end_to_end,512,512,512,SME 2x2,"C+=A*B, memset timed",0.248500,0.249363,0.248333,0.002705,151,NA,1080.223000,NA,NA,0.000000e+00,0.000000e+00,6.646435e-06,PASS,0.07,3
end_to_end,square,end_to_end,512,512,512,SME 1x4,"C+=A*B, memset timed",0.262750,0.263916,0.262416,0.002220,151,NA,1021.638000,NA,NA,0.000000e+00,0.000000e+00,6.646435e-06,PASS,0.21,3
end_to_end,square,end_to_end,512,512,512,SME 1x4sym,"C+=A*B, memset timed",0.259292,0.260320,0.259166,0.002332,151,NA,1035.263000,NA,NA,0.000000e+00,0.000000e+00,6.646435e-06,PASS,0.05,3
end_to_end,square,end_to_end,512,512,512,SME 4x1ZP,"C+=A*B, memset timed",0.248584,0.249843,0.248417,0.002600,151,NA,1079.858000,NA,NA,0.000000e+00,0.000000e+00,6.646435e-06,PASS,0.02,3
end_to_end,square,end_to_end,512,512,512,SME 1x4ZAIO,"C+=A*B, memset timed",0.298584,0.299132,0.298000,0.001902,151,NA,899.028000,NA,NA,0.000000e+00,0.000000e+00,6.646435e-06,PASS,1.27,3
end_to_end,square,end_to_end,512,512,512,SME 1x4Acc,"C=A*B, no memset",0.161750,0.162250,0.161583,0.001493,151,NA,1659.570000,NA,NA,0.000000e+00,0.000000e+00,6.646435e-06,PASS,0.03,3
end_to_end,square,end_to_end,512,512,512,SME 1x4AccKc,"C=A*B, no memset",0.161709,0.162401,0.161625,0.002066,151,NA,1659.991000,NA,NA,0.000000e+00,0.000000e+00,6.646435e-06,PASS,0.13,3
end_to_end,square,end_to_end,512,512,512,KAI 2VL,,0.163417,0.163791,0.162667,0.001328,151,NA,1642.641000,NA,NA,0.000000e+00,0.000000e+00,6.646435e-06,PASS,0.10,3
end_to_end,square,end_to_end,512,512,512,KAI 8VS,,0.156958,0.157799,0.156125,0.002134,151,NA,1710.237000,NA,NA,0.000000e+00,0.000000e+00,6.646435e-06,PASS,0.05,3
end_to_end,square,end_to_end,512,512,512,Accelerate,,0.146750,0.148565,0.146667,0.003116,151,NA,1829.202000,NA,NA,0.000000e+00,0.000000e+00,6.646435e-06,PASS,3.03,3
prepacked_full_gemm,square,kernel_only,512,512,512,SME 4x1,"C+=A*B, memset timed",0.232291,0.233809,0.231625,0.003038,151,NA,1155.600000,NA,NA,0.000000e+00,0.000000e+00,6.646435e-06,PASS,0.07,3
prepacked_full_gemm,square,kernel_only,512,512,512,SME 2x2,"C+=A*B, memset timed",0.232458,0.233868,0.231875,0.002686,151,NA,1154.770000,NA,NA,0.000000e+00,0.000000e+00,6.646435e-06,PASS,0.05,3
prepacked_full_gemm,square,kernel_only,512,512,512,SME 1x4,"C+=A*B, memset timed",0.235625,0.236424,0.234958,0.002136,151,NA,1139.249000,NA,NA,0.000000e+00,0.000000e+00,6.646435e-06,PASS,0.19,3
prepacked_full_gemm,square,kernel_only,512,512,512,SME 1x4sym,"C+=A*B, memset timed",0.232209,0.233316,0.231625,0.002967,151,NA,1156.008000,NA,NA,0.000000e+00,0.000000e+00,6.646435e-06,PASS,0.05,3
prepacked_full_gemm,square,kernel_only,512,512,512,SME 4x1ZP,"C+=A*B, memset timed",0.232250,0.233500,0.231625,0.003027,151,NA,1155.804000,NA,NA,0.000000e+00,0.000000e+00,6.646435e-06,PASS,0.02,3
prepacked_full_gemm,square,kernel_only,512,512,512,SME 1x4Acc,"C=A*B, no memset",0.146334,0.147467,0.146250,0.002685,151,NA,1834.403000,NA,NA,0.000000e+00,0.000000e+00,6.646435e-06,PASS,0.00,3
prepacked_full_gemm,square,kernel_only,512,512,512,SME 1x4AccKc,"C=A*B, no memset",0.146334,0.147850,0.146250,0.002870,151,NA,1834.403000,NA,NA,0.000000e+00,0.000000e+00,6.646435e-06,PASS,0.42,3
prepacked_full_gemm,square,kernel_only,512,512,512,KAI 2VL,,0.144000,0.145770,0.143875,0.003108,151,NA,1864.135000,NA,NA,0.000000e+00,0.000000e+00,6.646435e-06,PASS,7.89,3
prepacked_full_gemm,square,kernel_only,512,512,512,KAI 8VS,,0.135417,0.137134,0.135208,0.003238,151,NA,1982.288000,NA,NA,0.000000e+00,0.000000e+00,6.646435e-06,PASS,11.93,3
panel_blocked,square,end_to_end,512,512,512,KAIpanel 2VL,Mc=256 Kc=512 Nc=512,0.166854,0.169385,0.164855,0.004674,151,NA,1608.917000,0.016458,0.147791,0.000000e+00,0.000000e+00,6.646435e-06,PASS,1.67,2
panel_blocked,square,end_to_end,512,512,512,KAIpanel 8VS,Mc=512 Kc=512 Nc=512,0.157083,0.158396,0.156333,0.003037,151,NA,1708.877000,0.020459,0.137750,0.000000e+00,0.000000e+00,6.646435e-06,PASS,0.00,1
ggml_cpu,square,end_to_end,512,512,512,llama-native,"graph exec, default buft",6.111937,6.119242,6.081583,0.027352,58,NA,43.920000,NA,NA,3.051758e-05,4.231463e-07,1.436004e-06,PASS,0.41,3
ggml_cpu,square,end_to_end,512,512,512,llama-native+setup,graph rebuild+exec,6.120188,6.125111,6.088250,0.026511,58,NA,43.861000,NA,NA,3.051758e-05,4.231463e-07,1.436004e-06,PASS,0.50,3
ggml_cpu,square,end_to_end,512,512,512,llama-kleidiai,"graph exec, CPU_KLEIDIAI buft",0.161333,0.161912,0.160333,0.001537,101,NA,1663.860000,NA,NA,0.000000e+00,0.000000e+00,6.646435e-06,PASS,0.16,3
ggml_cpu,square,end_to_end,512,512,512,llama-kleidiai+setup,graph rebuild+exec,0.165000,0.166104,0.164000,0.002990,101,NA,1626.882000,NA,NA,0.000000e+00,0.000000e+00,6.646435e-06,PASS,1.37,3
zero_only,square,zero_only,1024,1024,1024,memset C,,0.033458,0.033740,0.033250,0.000728,51,NA,64184.460000,NA,NA,0.000000e+00,0.000000e+00,0.000000e+00,PASS,26.04,3
end_to_end,square,end_to_end,1024,1024,1024,SME 4x1,"C+=A*B, memset timed",1.687208,1.716198,1.634208,0.059068,151,NA,1272.803000,NA,NA,0.000000e+00,0.000000e+00,1.273505e-05,PASS,3.25,3
end_to_end,square,end_to_end,1024,1024,1024,SME 2x2,"C+=A*B, memset timed",1.641750,1.664367,1.619667,0.071308,151,NA,1308.045000,NA,NA,0.000000e+00,0.000000e+00,1.273505e-05,PASS,1.10,3
end_to_end,square,end_to_end,1024,1024,1024,SME 1x4,"C+=A*B, memset timed",1.751542,1.763102,1.689959,0.064278,151,NA,1226.053000,NA,NA,0.000000e+00,0.000000e+00,1.273505e-05,PASS,1.75,3
end_to_end,square,end_to_end,1024,1024,1024,SME 1x4sym,"C+=A*B, memset timed",1.738834,1.753331,1.651666,0.070631,151,NA,1235.014000,NA,NA,0.000000e+00,0.000000e+00,1.273505e-05,PASS,4.26,3
end_to_end,square,end_to_end,1024,1024,1024,SME 4x1ZP,"C+=A*B, memset timed",1.625292,1.642148,1.590916,0.049214,151,NA,1321.291000,NA,NA,0.000000e+00,0.000000e+00,1.273505e-05,PASS,2.27,3
end_to_end,square,end_to_end,1024,1024,1024,SME 1x4ZAIO,"C+=A*B, memset timed",1.852709,1.857815,1.789000,0.041043,151,NA,1159.105000,NA,NA,0.000000e+00,0.000000e+00,1.273505e-05,PASS,2.67,3
end_to_end,square,end_to_end,1024,1024,1024,SME 1x4Acc,"C=A*B, no memset",1.211375,1.222908,1.195333,0.033644,151,NA,1772.765000,NA,NA,0.000000e+00,0.000000e+00,1.273505e-05,PASS,1.14,3
end_to_end,square,end_to_end,1024,1024,1024,SME 1x4AccKc,"C=A*B, no memset",1.235250,1.252630,1.195375,0.047437,151,NA,1738.501000,NA,NA,0.000000e+00,0.000000e+00,1.273505e-05,PASS,5.26,3
end_to_end,square,end_to_end,1024,1024,1024,KAI 2VL,,1.325583,1.333665,1.265250,0.042941,151,NA,1620.030000,NA,NA,0.000000e+00,0.000000e+00,1.273505e-05,PASS,1.67,3
end_to_end,square,end_to_end,1024,1024,1024,KAI 8VS,,1.341125,1.345011,1.275000,0.058070,151,NA,1601.255000,NA,NA,0.000000e+00,0.000000e+00,1.273505e-05,PASS,3.33,3
end_to_end,square,end_to_end,1024,1024,1024,Accelerate,,1.276208,1.280498,1.266792,0.013613,151,NA,1682.707000,NA,NA,0.000000e+00,0.000000e+00,1.273505e-05,PASS,3.61,3
prepacked_full_gemm,square,kernel_only,1024,1024,1024,SME 4x1,"C+=A*B, memset timed",1.471541,1.478761,1.455666,0.030297,151,NA,1459.343000,NA,NA,0.000000e+00,0.000000e+00,1.273505e-05,PASS,0.67,3
prepacked_full_gemm,square,kernel_only,1024,1024,1024,SME 2x2,"C+=A*B, memset timed",1.461334,1.475042,1.454750,0.032758,151,NA,1469.536000,NA,NA,0.000000e+00,0.000000e+00,1.273505e-05,PASS,0.81,3
prepacked_full_gemm,square,kernel_only,1024,1024,1024,SME 1x4,"C+=A*B, memset timed",1.519958,1.531070,1.510292,0.030643,151,NA,1412.857000,NA,NA,0.000000e+00,0.000000e+00,1.273505e-05,PASS,0.15,3
prepacked_full_gemm,square,kernel_only,1024,1024,1024,SME 1x4sym,"C+=A*B, memset timed",1.469750,1.476419,1.458458,0.021908,151,NA,1461.122000,NA,NA,0.000000e+00,0.000000e+00,1.273505e-05,PASS,0.37,3
prepacked_full_gemm,square,kernel_only,1024,1024,1024,SME 4x1ZP,"C+=A*B, memset timed",1.470833,1.478441,1.455500,0.026949,151,NA,1460.046000,NA,NA,0.000000e+00,0.000000e+00,1.273505e-05,PASS,0.91,3
prepacked_full_gemm,square,kernel_only,1024,1024,1024,SME 1x4Acc,"C=A*B, no memset",1.126083,1.131438,1.119084,0.014225,151,NA,1907.039000,NA,NA,0.000000e+00,0.000000e+00,1.273505e-05,PASS,5.65,3
prepacked_full_gemm,square,kernel_only,1024,1024,1024,SME 1x4AccKc,"C=A*B, no memset",1.125375,1.143254,1.119042,0.037990,151,NA,1908.238000,NA,NA,0.000000e+00,0.000000e+00,1.273505e-05,PASS,4.73,3
prepacked_full_gemm,square,kernel_only,1024,1024,1024,KAI 2VL,,1.116166,1.121504,1.109959,0.014595,151,NA,1923.982000,NA,NA,0.000000e+00,0.000000e+00,1.273505e-05,PASS,9.14,3
prepacked_full_gemm,square,kernel_only,1024,1024,1024,KAI 8VS,,1.112208,1.117057,1.104625,0.015270,151,NA,1930.829000,NA,NA,0.000000e+00,0.000000e+00,1.273505e-05,PASS,12.09,3
panel_blocked,square,end_to_end,1024,1024,1024,KAIpanel 2VL,Mc=256 Kc=2048 Nc=1024,1.239417,1.246322,1.216583,0.029032,151,NA,1732.656000,0.099084,1.124624,0.000000e+00,0.000000e+00,1.273505e-05,PASS,0.00,1
panel_blocked,square,end_to_end,1024,1024,1024,KAIpanel 8VS,Mc=64 Kc=1024 Nc=1024,1.238354,1.241478,1.182688,0.046524,151,NA,1736.683000,0.077539,1.110876,0.000000e+00,0.000000e+00,1.273505e-05,PASS,7.65,2
ggml_cpu,square,end_to_end,1024,1024,1024,llama-native,"graph exec, default buft",50.522584,50.548970,50.381208,0.141103,7,NA,42.505000,NA,NA,7.247925e-05,5.952732e-07,3.050344e-06,PASS,0.37,3
ggml_cpu,square,end_to_end,1024,1024,1024,llama-native+setup,graph rebuild+exec,50.638875,50.642946,50.376542,0.134842,7,NA,42.408000,NA,NA,7.247925e-05,5.952732e-07,3.050344e-06,PASS,0.37,3
ggml_cpu,square,end_to_end,1024,1024,1024,llama-kleidiai,"graph exec, CPU_KLEIDIAI buft",1.190334,1.195440,1.173291,0.021375,101,NA,1804.102000,NA,NA,0.000000e+00,0.000000e+00,1.273505e-05,PASS,1.22,3
ggml_cpu,square,end_to_end,1024,1024,1024,llama-kleidiai+setup,graph rebuild+exec,1.193208,1.203030,1.174959,0.029746,101,NA,1799.756000,NA,NA,0.000000e+00,0.000000e+00,1.273505e-05,PASS,1.44,3
zero_only,square,zero_only,2048,2048,2048,memset C,,0.141292,0.143960,0.138750,0.005214,51,NA,121591.238000,NA,NA,0.000000e+00,0.000000e+00,0.000000e+00,PASS,12.85,3
end_to_end,square,end_to_end,2048,2048,2048,SME 4x1,"C+=A*B, memset timed",13.767375,13.743846,13.402125,0.264032,25,NA,1247.868000,NA,NA,0.000000e+00,0.000000e+00,6.556731e-05,PASS,2.34,3
end_to_end,square,end_to_end,2048,2048,2048,SME 2x2,"C+=A*B, memset timed",15.725875,15.693764,15.170417,0.294681,23,NA,1092.459000,NA,NA,1.525879e-04,7.691876e-07,1.675141e-05,PASS,0.82,3
end_to_end,square,end_to_end,2048,2048,2048,SME 1x4,"C+=A*B, memset timed",15.260459,15.289408,13.588833,1.247926,24,NA,1125.777000,NA,NA,0.000000e+00,0.000000e+00,6.556731e-05,PASS,7.03,3
end_to_end,square,end_to_end,2048,2048,2048,SME 1x4sym,"C+=A*B, memset timed",14.184355,14.199611,13.050208,0.811311,28,NA,1211.184000,NA,NA,0.000000e+00,0.000000e+00,6.556731e-05,PASS,2.15,3
end_to_end,square,end_to_end,2048,2048,2048,SME 4x1ZP,"C+=A*B, memset timed",15.450833,15.377051,14.963959,0.271330,23,NA,1111.906000,NA,NA,1.525879e-04,7.691876e-07,1.675141e-05,PASS,1.14,3
end_to_end,square,end_to_end,2048,2048,2048,SME 1x4ZAIO,"C+=A*B, memset timed",13.343041,13.447563,12.710667,0.544857,26,NA,1287.553000,NA,NA,0.000000e+00,0.000000e+00,6.556731e-05,PASS,1.33,3
end_to_end,square,end_to_end,2048,2048,2048,SME 1x4Acc,"C=A*B, no memset",12.084563,12.339650,11.291917,0.966659,30,NA,1421.638000,NA,NA,0.000000e+00,0.000000e+00,6.556731e-05,PASS,2.68,3
end_to_end,square,end_to_end,2048,2048,2048,SME 1x4AccKc,"C=A*B, no memset",11.598917,11.948578,11.165584,0.884480,31,NA,1481.161000,NA,NA,0.000000e+00,0.000000e+00,6.556731e-05,PASS,4.70,3
end_to_end,square,end_to_end,2048,2048,2048,KAI 2VL,,10.715208,10.748956,10.655750,0.130093,33,NA,1603.316000,NA,NA,0.000000e+00,0.000000e+00,6.556731e-05,PASS,3.46,3
end_to_end,square,end_to_end,2048,2048,2048,KAI 8VS,,11.065854,11.112210,10.888708,0.137145,32,NA,1552.512000,NA,NA,0.000000e+00,0.000000e+00,6.556731e-05,PASS,3.18,3
end_to_end,square,end_to_end,2048,2048,2048,Accelerate,,10.464542,10.504561,10.109708,0.160000,34,NA,1641.722000,NA,NA,0.000000e+00,0.000000e+00,6.556731e-05,PASS,5.68,3
prepacked_full_gemm,square,kernel_only,2048,2048,2048,SME 4x1,"C+=A*B, memset timed",11.279500,11.329609,11.214916,0.124198,32,NA,1523.106000,NA,NA,0.000000e+00,0.000000e+00,6.556731e-05,PASS,0.43,3
prepacked_full_gemm,square,kernel_only,2048,2048,2048,SME 2x2,"C+=A*B, memset timed",13.362375,13.377025,13.033958,0.154377,27,NA,1285.690000,NA,NA,1.525879e-04,7.691876e-07,1.675141e-05,PASS,0.06,3
prepacked_full_gemm,square,kernel_only,2048,2048,2048,SME 1x4,"C+=A*B, memset timed",12.552042,12.613702,12.278084,0.303921,29,NA,1368.691000,NA,NA,0.000000e+00,0.000000e+00,6.556731e-05,PASS,0.39,3
prepacked_full_gemm,square,kernel_only,2048,2048,2048,SME 1x4sym,"C+=A*B, memset timed",11.481792,11.653449,11.345792,0.343634,30,NA,1496.271000,NA,NA,0.000000e+00,0.000000e+00,6.556731e-05,PASS,1.68,3
prepacked_full_gemm,square,kernel_only,2048,2048,2048,SME 4x1ZP,"C+=A*B, memset timed",13.166083,13.165140,12.998167,0.117932,27,NA,1304.858000,NA,NA,1.525879e-04,7.691876e-07,1.675141e-05,PASS,1.39,3
prepacked_full_gemm,square,kernel_only,2048,2048,2048,SME 1x4Acc,"C=A*B, no memset",9.491166,9.545495,9.421209,0.168309,36,NA,1810.090000,NA,NA,0.000000e+00,0.000000e+00,6.556731e-05,PASS,6.87,3
prepacked_full_gemm,square,kernel_only,2048,2048,2048,SME 1x4AccKc,"C=A*B, no memset",9.498604,9.571948,9.410000,0.157900,38,NA,1808.673000,NA,NA,0.000000e+00,0.000000e+00,6.556731e-05,PASS,9.12,3
prepacked_full_gemm,square,kernel_only,2048,2048,2048,KAI 2VL,,9.549083,9.575882,9.514125,0.085350,37,NA,1799.112000,NA,NA,0.000000e+00,0.000000e+00,6.556731e-05,PASS,8.40,3
prepacked_full_gemm,square,kernel_only,2048,2048,2048,KAI 8VS,,9.830292,9.854851,9.574750,0.208401,36,NA,1747.646000,NA,NA,0.000000e+00,0.000000e+00,6.556731e-05,PASS,6.69,3
panel_blocked,square,end_to_end,2048,2048,2048,KAIpanel 2VL,Mc=256 Kc=2048 Nc=512,10.922458,10.951837,10.760708,0.146198,33,NA,1572.894000,1.971290,8.878709,0.000000e+00,0.000000e+00,6.556731e-05,PASS,1.41,3
panel_blocked,square,end_to_end,2048,2048,2048,KAIpanel 8VS,Mc=256 Kc=2048 Nc=512,12.004417,12.031366,11.652334,0.256465,29,NA,1431.423500,3.047582,8.985587,0.000000e+00,0.000000e+00,6.556731e-05,PASS,2.87,2
ggml_cpu,square,end_to_end,2048,2048,2048,llama-native,"graph exec, default buft",468.589917,468.766867,468.130125,0.555909,5,NA,36.663000,NA,NA,1.449585e-04,8.400465e-07,9.470100e-06,PASS,0.30,3
ggml_cpu,square,end_to_end,2048,2048,2048,llama-native+setup,graph rebuild+exec,468.748291,468.469892,467.860291,0.731997,5,NA,36.651000,NA,NA,1.449585e-04,8.400465e-07,9.470100e-06,PASS,0.34,3
ggml_cpu,square,end_to_end,2048,2048,2048,llama-kleidiai,"graph exec, CPU_KLEIDIAI buft",16.895021,17.127121,16.598541,0.416930,22,NA,1016.860000,NA,NA,0.000000e+00,0.000000e+00,6.556731e-05,PASS,2.15,3
ggml_cpu,square,end_to_end,2048,2048,2048,llama-kleidiai+setup,graph rebuild+exec,16.846000,17.012978,16.617541,0.409249,22,NA,1019.819000,NA,NA,0.000000e+00,0.000000e+00,6.556731e-05,PASS,4.20,3
zero_only,square,zero_only,4096,4096,4096,memset C,,0.573209,0.576712,0.562541,0.009002,51,NA,239771.102000,NA,NA,0.000000e+00,0.000000e+00,0.000000e+00,PASS,0.77,3
end_to_end,square,end_to_end,4096,4096,4096,SME 4x1,"C+=A*B, memset timed",111.078084,111.430791,110.799958,1.009901,7,NA,1237.318000,NA,NA,3.509521e-04,1.091259e-06,4.955905e-05,PASS,2.59,3
end_to_end,square,end_to_end,4096,4096,4096,SME 2x2,"C+=A*B, memset timed",127.240125,127.230583,126.853750,0.400028,7,NA,1080.154000,NA,NA,3.509521e-04,1.194718e-06,2.551327e-05,PASS,0.27,3
end_to_end,square,end_to_end,4096,4096,4096,SME 1x4,"C+=A*B, memset timed",108.424125,109.121530,106.893791,2.449793,7,NA,1267.605000,NA,NA,3.509521e-04,1.091259e-06,4.955905e-05,PASS,0.51,3
end_to_end,square,end_to_end,4096,4096,4096,SME 1x4sym,"C+=A*B, memset timed",103.640791,103.771036,101.544333,2.059692,7,NA,1326.109000,NA,NA,3.509521e-04,1.091259e-06,4.955905e-05,PASS,1.66,3
end_to_end,square,end_to_end,4096,4096,4096,SME 4x1ZP,"C+=A*B, memset timed",127.920708,128.018280,127.686916,0.275267,7,NA,1074.407000,NA,NA,3.509521e-04,1.194718e-06,2.551327e-05,PASS,0.11,3
end_to_end,square,end_to_end,4096,4096,4096,SME 1x4ZAIO,"C+=A*B, memset timed",127.956542,128.142208,121.892958,4.820215,7,NA,1074.106000,NA,NA,0.000000e+00,0.000000e+00,5.874831e-05,PASS,3.49,3
end_to_end,square,end_to_end,4096,4096,4096,SME 1x4Acc,"C=A*B, no memset",115.927583,113.923071,105.801667,5.343201,7,NA,1185.559000,NA,NA,0.000000e+00,0.000000e+00,5.874831e-05,PASS,5.82,3
end_to_end,square,end_to_end,4096,4096,4096,SME 1x4AccKc,"C=A*B, no memset",115.351500,114.024566,107.347375,4.606667,7,NA,1191.480000,NA,NA,0.000000e+00,0.000000e+00,5.874831e-05,PASS,2.31,3
end_to_end,square,end_to_end,4096,4096,4096,KAI 2VL,,84.018875,84.191321,83.614791,0.690529,7,NA,1635.810000,NA,NA,0.000000e+00,0.000000e+00,5.874831e-05,PASS,2.00,3
end_to_end,square,end_to_end,4096,4096,4096,KAI 8VS,,86.012084,85.832613,85.188959,0.629476,7,NA,1597.903000,NA,NA,0.000000e+00,0.000000e+00,5.874831e-05,PASS,3.79,3
end_to_end,square,end_to_end,4096,4096,4096,Accelerate,,89.165292,89.264327,88.219875,0.840857,7,NA,1541.395000,NA,NA,0.000000e+00,0.000000e+00,5.874831e-05,PASS,3.70,3
prepacked_full_gemm,square,kernel_only,4096,4096,4096,SME 4x1,"C+=A*B, memset timed",91.671416,91.553714,91.036250,0.511334,7,NA,1499.256000,NA,NA,3.509521e-04,1.091259e-06,4.955905e-05,PASS,1.78,3
prepacked_full_gemm,square,kernel_only,4096,4096,4096,SME 2x2,"C+=A*B, memset timed",108.400334,108.300030,108.084000,0.186453,7,NA,1267.883000,NA,NA,3.509521e-04,1.194718e-06,2.551327e-05,PASS,0.36,3
prepacked_full_gemm,square,kernel_only,4096,4096,4096,SME 1x4,"C+=A*B, memset timed",98.117209,98.697250,97.265416,1.523362,7,NA,1400.763000,NA,NA,3.509521e-04,1.091259e-06,4.955905e-05,PASS,1.97,3
prepacked_full_gemm,square,kernel_only,4096,4096,4096,SME 1x4sym,"C+=A*B, memset timed",93.628583,94.273935,92.126917,1.632195,7,NA,1467.917000,NA,NA,3.509521e-04,1.091259e-06,4.955905e-05,PASS,0.21,3
prepacked_full_gemm,square,kernel_only,4096,4096,4096,SME 4x1ZP,"C+=A*B, memset timed",106.990834,106.997274,106.803041,0.158955,7,NA,1284.586000,NA,NA,3.509521e-04,1.194718e-06,2.551327e-05,PASS,0.06,3
prepacked_full_gemm,square,kernel_only,4096,4096,4096,SME 1x4Acc,"C=A*B, no memset",131.119166,131.772256,126.739875,5.421482,7,NA,1048.199000,NA,NA,0.000000e+00,0.000000e+00,5.874831e-05,PASS,4.00,3
prepacked_full_gemm,square,kernel_only,4096,4096,4096,SME 1x4AccKc,"C=A*B, no memset",137.498458,136.416762,130.789667,5.883970,7,NA,999.567000,NA,NA,0.000000e+00,0.000000e+00,5.874831e-05,PASS,6.86,3
prepacked_full_gemm,square,kernel_only,4096,4096,4096,KAI 2VL,,78.599875,78.585750,77.906958,0.621287,7,NA,1748.590000,NA,NA,0.000000e+00,0.000000e+00,5.874831e-05,PASS,7.15,3
prepacked_full_gemm,square,kernel_only,4096,4096,4096,KAI 8VS,,78.978834,79.133375,77.956166,0.566816,7,NA,1740.200000,NA,NA,0.000000e+00,0.000000e+00,5.874831e-05,PASS,6.17,3
panel_blocked,square,end_to_end,4096,4096,4096,KAIpanel 2VL,Mc=256 Kc=4096 Nc=512,93.238458,93.773506,92.591584,1.294922,7,NA,1474.059000,16.416119,77.387545,0.000000e+00,0.000000e+00,5.874831e-05,PASS,3.87,3
panel_blocked,square,end_to_end,4096,4096,4096,KAIpanel 8VS,Mc=256 Kc=4096 Nc=512,100.480083,100.604947,99.225125,0.989695,7,NA,1367.823000,25.188623,77.392207,0.000000e+00,0.000000e+00,5.874831e-05,PASS,0.00,1
ggml_cpu,square,end_to_end,4096,4096,4096,llama-native,"graph exec, default buft",3855.532458,3856.334625,3852.920875,1.883304,5,NA,35.647000,NA,NA,3.585815e-04,1.189551e-06,2.046855e-05,PASS,0.19,3
ggml_cpu,square,end_to_end,4096,4096,4096,llama-native+setup,graph rebuild+exec,3855.010583,3855.259833,3854.112583,1.375642,5,NA,35.652000,NA,NA,3.585815e-04,1.189551e-06,2.046855e-05,PASS,0.19,3
ggml_cpu,square,end_to_end,4096,4096,4096,llama-kleidiai,"graph exec, CPU_KLEIDIAI buft",152.167375,152.360092,150.009417,1.839650,5,NA,903.209000,NA,NA,0.000000e+00,0.000000e+00,5.874831e-05,PASS,1.28,3
ggml_cpu,square,end_to_end,4096,4096,4096,llama-kleidiai+setup,graph rebuild+exec,152.221209,152.263850,150.953834,1.156707,5,NA,902.890000,NA,NA,0.000000e+00,0.000000e+00,5.874831e-05,PASS,0.37,3
zero_only,large_k,zero_only,64,512,8192,memset C,,0.000875,0.000870,0.000792,0.000016,51,NA,613566.757000,NA,NA,0.000000e+00,0.000000e+00,0.000000e+00,PASS,0.00,3
end_to_end,large_k,end_to_end,64,512,8192,SME 4x1,"C+=A*B, memset timed",0.717750,0.724867,0.699250,0.025916,151,NA,747.992000,NA,NA,4.348755e-04,1.681734e-06,4.106339e-05,PASS,3.34,3
end_to_end,large_k,end_to_end,64,512,8192,SME 2x2,"C+=A*B, memset timed",0.686250,0.692916,0.673750,0.025124,151,NA,782.326000,NA,NA,4.577637e-04,1.686416e-06,4.640860e-05,PASS,4.14,3
end_to_end,large_k,end_to_end,64,512,8192,SME 1x4,"C+=A*B, memset timed",0.678709,0.682060,0.647500,0.024539,151,NA,791.018000,NA,NA,4.348755e-04,1.681734e-06,4.106339e-05,PASS,3.43,3
end_to_end,large_k,end_to_end,64,512,8192,SME 1x4sym,"C+=A*B, memset timed",0.666375,0.673552,0.641584,0.029433,151,NA,805.659000,NA,NA,4.348755e-04,1.681734e-06,4.106339e-05,PASS,2.02,3
end_to_end,large_k,end_to_end,64,512,8192,SME 4x1ZP,"C+=A*B, memset timed",0.711834,0.719463,0.696542,0.022929,151,NA,754.208000,NA,NA,4.577637e-04,1.686416e-06,4.640860e-05,PASS,2.74,3
end_to_end,large_k,end_to_end,64,512,8192,SME 1x4ZAIO,"C+=A*B, memset timed",0.790042,0.789923,0.730167,0.043867,151,NA,679.547000,NA,NA,0.000000e+00,0.000000e+00,1.943113e-04,PASS,4.74,3
end_to_end,large_k,end_to_end,64,512,8192,SME 1x4Acc,"C=A*B, no memset",0.717667,0.718554,0.653792,0.050092,151,NA,748.078000,NA,NA,0.000000e+00,0.000000e+00,1.943113e-04,PASS,6.17,3
end_to_end,large_k,end_to_end,64,512,8192,SME 1x4AccKc,"C=A*B, no memset",0.673625,0.686398,0.621167,0.054641,151,NA,796.988000,NA,NA,0.000000e+00,0.000000e+00,1.943113e-04,PASS,0.82,3
end_to_end,large_k,end_to_end,64,512,8192,KAI 2VL,,1.022250,1.031237,0.977583,0.047100,151,NA,525.186000,NA,NA,0.000000e+00,0.000000e+00,1.943113e-04,PASS,2.30,3
end_to_end,large_k,end_to_end,64,512,8192,KAI 8VS,,1.072291,1.087653,1.035958,0.047552,151,NA,500.677000,NA,NA,0.000000e+00,0.000000e+00,1.943113e-04,PASS,2.20,3
end_to_end,large_k,end_to_end,64,512,8192,Accelerate,,0.555667,0.560333,0.544042,0.018530,151,NA,966.174000,NA,NA,0.000000e+00,0.000000e+00,1.943113e-04,PASS,1.04,3
prepacked_full_gemm,large_k,kernel_only,64,512,8192,SME 4x1,"C+=A*B, memset timed",0.463625,0.470772,0.419500,0.017565,151,NA,1157.985000,NA,NA,4.348755e-04,1.681734e-06,4.106339e-05,PASS,10.02,3
prepacked_full_gemm,large_k,kernel_only,64,512,8192,SME 2x2,"C+=A*B, memset timed",0.555792,0.563873,0.530875,0.020556,151,NA,965.957000,NA,NA,4.577637e-04,1.686416e-06,4.640860e-05,PASS,4.34,3
prepacked_full_gemm,large_k,kernel_only,64,512,8192,SME 1x4,"C+=A*B, memset timed",0.509542,0.513462,0.504666,0.019031,151,NA,1053.634000,NA,NA,4.348755e-04,1.681734e-06,4.106339e-05,PASS,3.07,3
prepacked_full_gemm,large_k,kernel_only,64,512,8192,SME 1x4sym,"C+=A*B, memset timed",0.470667,0.478897,0.459250,0.017873,151,NA,1140.660000,NA,NA,4.348755e-04,1.681734e-06,4.106339e-05,PASS,5.00,3
prepacked_full_gemm,large_k,kernel_only,64,512,8192,SME 4x1ZP,"C+=A*B, memset timed",0.546709,0.542811,0.499291,0.025341,151,NA,982.005000,NA,NA,4.577637e-04,1.686416e-06,4.640860e-05,PASS,8.72,3
prepacked_full_gemm,large_k,kernel_only,64,512,8192,SME 1x4Acc,"C=A*B, no memset",0.394708,0.398489,0.390708,0.010706,151,NA,1360.172000,NA,NA,0.000000e+00,0.000000e+00,1.943113e-04,PASS,2.75,3
prepacked_full_gemm,large_k,kernel_only,64,512,8192,SME 1x4AccKc,"C=A*B, no memset",0.397041,0.400696,0.388125,0.014044,151,NA,1352.180000,NA,NA,0.000000e+00,0.000000e+00,1.943113e-04,PASS,1.53,3
prepacked_full_gemm,large_k,kernel_only,64,512,8192,KAI 2VL,,0.392250,0.395379,0.380125,0.012086,151,NA,1368.696000,NA,NA,0.000000e+00,0.000000e+00,1.943113e-04,PASS,4.09,3
prepacked_full_gemm,large_k,kernel_only,64,512,8192,KAI 8VS,,0.379500,0.386883,0.370584,0.018185,151,NA,1414.680000,NA,NA,0.000000e+00,0.000000e+00,1.943113e-04,PASS,5.72,3
panel_blocked,large_k,end_to_end,64,512,8192,KAIpanel 2VL,Mc=64 Kc=2048 Nc=512,0.628167,0.632900,0.622083,0.013577,151,NA,854.663000,0.359917,0.306875,4.348755e-04,1.681734e-06,4.106339e-05,PASS,0.00,1
panel_blocked,large_k,end_to_end,64,512,8192,KAIpanel 8VS,Mc=64 Kc=2048 Nc=512,0.670751,0.673757,0.651583,0.020289,151,NA,800.407500,0.372082,0.276917,4.348755e-04,1.681734e-06,4.106339e-05,PASS,0.46,2
ggml_cpu,large_k,end_to_end,64,512,8192,llama-native,"graph exec, default buft",15.304042,15.317866,15.226125,0.081948,23,NA,35.080000,NA,NA,4.425049e-04,1.678784e-06,3.018074e-05,PASS,0.71,3
ggml_cpu,large_k,end_to_end,64,512,8192,llama-native+setup,graph rebuild+exec,15.267625,15.275102,15.178917,0.080525,23,NA,35.164000,NA,NA,4.425049e-04,1.678784e-06,3.018074e-05,PASS,0.37,3
ggml_cpu,large_k,end_to_end,64,512,8192,llama-kleidiai,"graph exec, CPU_KLEIDIAI buft",1.311875,1.329827,1.279000,0.050479,101,NA,409.239000,NA,NA,0.000000e+00,0.000000e+00,1.943113e-04,PASS,1.77,3
ggml_cpu,large_k,end_to_end,64,512,8192,llama-kleidiai+setup,graph rebuild+exec,1.324209,1.351233,1.287292,0.057972,101,NA,405.428000,NA,NA,0.000000e+00,0.000000e+00,1.943113e-04,PASS,2.27,3
zero_only,large_k,zero_only,64,512,16384,memset C,,0.000875,0.000867,0.000791,0.000022,51,NA,1227133.513000,NA,NA,0.000000e+00,0.000000e+00,0.000000e+00,PASS,4.92,3
end_to_end,large_k,end_to_end,64,512,16384,SME 4x1,"C+=A*B, memset timed",1.517791,1.535737,1.497000,0.044518,151,NA,707.437000,NA,NA,1.037598e-03,2.372064e-06,6.551094e-05,PASS,0.18,3
end_to_end,large_k,end_to_end,64,512,16384,SME 2x2,"C+=A*B, memset timed",1.492583,1.504260,1.483500,0.027961,151,NA,719.385000,NA,NA,1.037598e-03,2.347306e-06,1.053525e-04,PASS,0.36,3
end_to_end,large_k,end_to_end,64,512,16384,SME 1x4,"C+=A*B, memset timed",1.532166,1.540494,1.510958,0.030368,151,NA,700.800000,NA,NA,1.037598e-03,2.372064e-06,6.551094e-05,PASS,0.30,3
end_to_end,large_k,end_to_end,64,512,16384,SME 1x4sym,"C+=A*B, memset timed",1.496166,1.506333,1.475250,0.031579,151,NA,717.662000,NA,NA,1.037598e-03,2.372064e-06,6.551094e-05,PASS,2.37,3
end_to_end,large_k,end_to_end,64,512,16384,SME 4x1ZP,"C+=A*B, memset timed",1.485875,1.502859,1.472209,0.036292,151,NA,722.633000,NA,NA,1.037598e-03,2.347306e-06,1.053525e-04,PASS,0.08,3
end_to_end,large_k,end_to_end,64,512,16384,SME 1x4ZAIO,"C+=A*B, memset timed",1.716125,1.737699,1.620125,0.102426,151,NA,625.678000,NA,NA,0.000000e+00,0.000000e+00,1.445445e-04,PASS,2.84,3
end_to_end,large_k,end_to_end,64,512,16384,SME 1x4Acc,"C=A*B, no memset",1.305125,1.327670,1.241583,0.072803,151,NA,822.712000,NA,NA,0.000000e+00,0.000000e+00,1.445445e-04,PASS,3.84,3
end_to_end,large_k,end_to_end,64,512,16384,SME 1x4AccKc,"C=A*B, no memset",1.355750,1.363251,1.261083,0.086314,151,NA,791.991000,NA,NA,0.000000e+00,0.000000e+00,1.445445e-04,PASS,4.73,3
end_to_end,large_k,end_to_end,64,512,16384,KAI 2VL,,2.127167,2.164384,2.100500,0.084555,151,NA,504.776000,NA,NA,0.000000e+00,0.000000e+00,1.445445e-04,PASS,1.03,3
end_to_end,large_k,end_to_end,64,512,16384,KAI 8VS,,2.195667,2.218604,2.159792,0.069464,151,NA,489.028000,NA,NA,0.000000e+00,0.000000e+00,1.445445e-04,PASS,0.46,3
end_to_end,large_k,end_to_end,64,512,16384,Accelerate,,1.253791,1.262979,1.243417,0.024421,151,NA,856.396000,NA,NA,0.000000e+00,0.000000e+00,1.445445e-04,PASS,0.80,3
prepacked_full_gemm,large_k,kernel_only,64,512,16384,SME 4x1,"C+=A*B, memset timed",1.036542,1.049361,1.017334,0.042324,151,NA,1035.888000,NA,NA,1.037598e-03,2.372064e-06,6.551094e-05,PASS,1.34,3
prepacked_full_gemm,large_k,kernel_only,64,512,16384,SME 2x2,"C+=A*B, memset timed",1.196083,1.207707,1.181167,0.025750,151,NA,897.715000,NA,NA,1.037598e-03,2.347306e-06,1.053525e-04,PASS,1.66,3
prepacked_full_gemm,large_k,kernel_only,64,512,16384,SME 1x4,"C+=A*B, memset timed",1.109625,1.122788,1.099542,0.032599,151,NA,967.662000,NA,NA,1.037598e-03,2.372064e-06,6.551094e-05,PASS,0.07,3
prepacked_full_gemm,large_k,kernel_only,64,512,16384,SME 1x4sym,"C+=A*B, memset timed",1.013208,1.017615,1.002834,0.016961,151,NA,1059.745000,NA,NA,1.037598e-03,2.372064e-06,6.551094e-05,PASS,0.33,3
prepacked_full_gemm,large_k,kernel_only,64,512,16384,SME 4x1ZP,"C+=A*B, memset timed",1.107833,1.124498,1.094125,0.033229,151,NA,969.227000,NA,NA,1.037598e-03,2.347306e-06,1.053525e-04,PASS,0.68,3
prepacked_full_gemm,large_k,kernel_only,64,512,16384,SME 1x4Acc,"C=A*B, no memset",0.959708,0.970006,0.951542,0.027416,151,NA,1118.821000,NA,NA,0.000000e+00,0.000000e+00,1.445445e-04,PASS,0.45,3
prepacked_full_gemm,large_k,kernel_only,64,512,16384,SME 1x4AccKc,"C=A*B, no memset",0.961000,0.971610,0.950542,0.029832,151,NA,1117.317000,NA,NA,0.000000e+00,0.000000e+00,1.445445e-04,PASS,0.82,3
prepacked_full_gemm,large_k,kernel_only,64,512,16384,KAI 2VL,,0.819208,0.833412,0.813375,0.039442,151,NA,1310.707000,NA,NA,0.000000e+00,0.000000e+00,1.445445e-04,PASS,2.35,3
prepacked_full_gemm,large_k,kernel_only,64,512,16384,KAI 8VS,,0.855667,0.866740,0.845917,0.033180,151,NA,1254.859000,NA,NA,0.000000e+00,0.000000e+00,1.445445e-04,PASS,2.43,3
panel_blocked,large_k,end_to_end,64,512,16384,KAIpanel 2VL,Mc=64 Kc=2048 Nc=512,1.263416,1.272847,1.253167,0.023422,151,NA,849.877000,0.689872,0.567792,1.037598e-03,2.372064e-06,6.551094e-05,PASS,0.50,2
panel_blocked,large_k,end_to_end,64,512,16384,KAIpanel 8VS,Mc=256 Kc=2048 Nc=512,1.388229,1.402891,1.357792,0.039093,151,NA,773.462000,0.860917,0.566416,1.037598e-03,2.372064e-06,6.551094e-05,PASS,0.10,2
ggml_cpu,large_k,end_to_end,64,512,16384,llama-native,"graph exec, default buft",34.268833,34.253727,33.986917,0.153890,11,NA,31.333000,NA,NA,9.765625e-04,2.364481e-06,6.723617e-05,PASS,0.55,3
ggml_cpu,large_k,end_to_end,64,512,16384,llama-native+setup,graph rebuild+exec,34.061625,34.088353,33.903833,0.185172,11,NA,31.524000,NA,NA,9.765625e-04,2.364481e-06,6.723617e-05,PASS,0.94,3
ggml_cpu,large_k,end_to_end,64,512,16384,llama-kleidiai,"graph exec, CPU_KLEIDIAI buft",2.713500,2.742960,2.669459,0.091666,101,NA,395.704000,NA,NA,0.000000e+00,0.000000e+00,1.445445e-04,PASS,0.78,3
ggml_cpu,large_k,end_to_end,64,512,16384,llama-kleidiai+setup,graph rebuild+exec,2.716000,2.744879,2.671084,0.079907,101,NA,395.339000,NA,NA,0.000000e+00,0.000000e+00,1.445445e-04,PASS,1.50,3
zero_only,large_k,zero_only,64,512,32768,memset C,,0.000875,0.000869,0.000750,0.000021,51,NA,2454267.026000,NA,NA,0.000000e+00,0.000000e+00,0.000000e+00,PASS,0.00,3
end_to_end,large_k,end_to_end,64,512,32768,SME 4x1,"C+=A*B, memset timed",3.029521,3.066910,2.995291,0.070156,116,NA,708.853000,NA,NA,1.831055e-03,3.362644e-06,1.614272e-04,PASS,0.58,3
end_to_end,large_k,end_to_end,64,512,32768,SME 2x2,"C+=A*B, memset timed",2.973021,2.998507,2.959792,0.055572,118,NA,722.324000,NA,NA,1.815796e-03,3.322564e-06,6.618905e-05,PASS,0.65,3
end_to_end,large_k,end_to_end,64,512,32768,SME 1x4,"C+=A*B, memset timed",3.079146,3.097945,3.046333,0.048853,115,NA,697.428000,NA,NA,1.831055e-03,3.362644e-06,1.614272e-04,PASS,0.57,3
end_to_end,large_k,end_to_end,64,512,32768,SME 1x4sym,"C+=A*B, memset timed",3.012583,3.030219,2.984917,0.047647,114,NA,712.838000,NA,NA,1.831055e-03,3.362644e-06,1.614272e-04,PASS,1.78,3
end_to_end,large_k,end_to_end,64,512,32768,SME 4x1ZP,"C+=A*B, memset timed",2.964791,2.986061,2.948291,0.055028,119,NA,724.329000,NA,NA,1.815796e-03,3.322564e-06,6.618905e-05,PASS,0.25,3
end_to_end,large_k,end_to_end,64,512,32768,SME 1x4ZAIO,"C+=A*B, memset timed",4.985375,5.062475,4.776292,0.224596,74,NA,430.757000,NA,NA,0.000000e+00,0.000000e+00,6.382517e-04,PASS,1.96,3
end_to_end,large_k,end_to_end,64,512,32768,SME 1x4Acc,"C=A*B, no memset",3.200750,3.279316,3.058958,0.210425,100,NA,670.931000,NA,NA,0.000000e+00,0.000000e+00,6.382517e-04,PASS,8.47,3
end_to_end,large_k,end_to_end,64,512,32768,SME 1x4AccKc,"C=A*B, no memset",3.271583,3.308701,3.066125,0.190486,99,NA,656.405000,NA,NA,0.000000e+00,0.000000e+00,6.382517e-04,PASS,2.01,3
end_to_end,large_k,end_to_end,64,512,32768,KAI 2VL,,4.888479,4.943944,4.821250,0.141161,72,NA,439.295000,NA,NA,0.000000e+00,0.000000e+00,6.382517e-04,PASS,0.83,3
end_to_end,large_k,end_to_end,64,512,32768,KAI 8VS,,4.936833,5.007466,4.891250,0.153160,71,NA,434.992000,NA,NA,0.000000e+00,0.000000e+00,6.382517e-04,PASS,1.21,3
end_to_end,large_k,end_to_end,64,512,32768,Accelerate,,2.512875,2.535017,2.491959,0.061300,141,NA,854.592000,NA,NA,0.000000e+00,0.000000e+00,6.382517e-04,PASS,0.54,3
prepacked_full_gemm,large_k,kernel_only,64,512,32768,SME 4x1,"C+=A*B, memset timed",2.073250,2.103854,2.057625,0.067976,151,NA,1035.805000,NA,NA,1.831055e-03,3.362644e-06,1.614272e-04,PASS,0.72,3
prepacked_full_gemm,large_k,kernel_only,64,512,32768,SME 2x2,"C+=A*B, memset timed",2.383166,2.397978,2.362541,0.044289,147,NA,901.105000,NA,NA,1.815796e-03,3.322564e-06,6.618905e-05,PASS,0.74,3
prepacked_full_gemm,large_k,kernel_only,64,512,32768,SME 1x4,"C+=A*B, memset timed",2.227167,2.249881,2.216500,0.053353,151,NA,964.222000,NA,NA,1.831055e-03,3.362644e-06,1.614272e-04,PASS,0.43,3
prepacked_full_gemm,large_k,kernel_only,64,512,32768,SME 1x4sym,"C+=A*B, memset timed",2.026250,2.040038,2.015000,0.037614,151,NA,1059.832000,NA,NA,1.831055e-03,3.362644e-06,1.614272e-04,PASS,0.28,3
prepacked_full_gemm,large_k,kernel_only,64,512,32768,SME 4x1ZP,"C+=A*B, memset timed",2.218833,2.246349,2.204750,0.065987,151,NA,967.844000,NA,NA,1.815796e-03,3.322564e-06,6.618905e-05,PASS,0.17,3
prepacked_full_gemm,large_k,kernel_only,64,512,32768,SME 1x4Acc,"C=A*B, no memset",2.527458,2.563872,2.503584,0.086098,137,NA,849.661000,NA,NA,0.000000e+00,0.000000e+00,6.382517e-04,PASS,1.40,3
prepacked_full_gemm,large_k,kernel_only,64,512,32768,SME 1x4AccKc,"C=A*B, no memset",2.527250,2.567364,2.498291,0.094148,137,NA,849.731000,NA,NA,0.000000e+00,0.000000e+00,6.382517e-04,PASS,2.19,3
prepacked_full_gemm,large_k,kernel_only,64,512,32768,KAI 2VL,,2.287542,2.321681,2.265416,0.087178,151,NA,938.773000,NA,NA,0.000000e+00,0.000000e+00,6.382517e-04,PASS,0.80,3
prepacked_full_gemm,large_k,kernel_only,64,512,32768,KAI 8VS,,2.281666,2.324694,2.257583,0.106353,132,NA,941.191000,NA,NA,0.000000e+00,0.000000e+00,6.382517e-04,PASS,1.42,3
panel_blocked,large_k,end_to_end,64,512,32768,KAIpanel 2VL,Mc=64 Kc=2048 Nc=512,2.525291,2.544232,2.503292,0.040956,139,NA,850.391000,1.350912,1.111498,1.831055e-03,3.362644e-06,1.614272e-04,PASS,0.34,3
panel_blocked,large_k,end_to_end,64,512,32768,KAIpanel 8VS,Mc=64 Kc=2048 Nc=512,2.778542,2.801951,2.743792,0.060770,126,NA,772.885000,1.658747,1.096957,1.831055e-03,3.362644e-06,1.614272e-04,PASS,0.42,2
ggml_cpu,large_k,end_to_end,64,512,32768,llama-native,"graph exec, default buft",72.849000,72.850625,72.733042,0.087255,5,NA,29.479000,NA,NA,1.754761e-03,3.385220e-06,1.218131e-04,PASS,0.32,3
ggml_cpu,large_k,end_to_end,64,512,32768,llama-native+setup,graph rebuild+exec,72.986083,73.126567,72.750958,0.629735,5,NA,29.423000,NA,NA,1.754761e-03,3.385220e-06,1.218131e-04,PASS,0.24,3
ggml_cpu,large_k,end_to_end,64,512,32768,llama-kleidiai,"graph exec, CPU_KLEIDIAI buft",6.294979,6.339525,6.067917,0.172496,57,NA,341.142000,NA,NA,0.000000e+00,0.000000e+00,6.382517e-04,PASS,0.59,3
ggml_cpu,large_k,end_to_end,64,512,32768,llama-kleidiai+setup,graph rebuild+exec,6.288833,6.371889,6.066292,0.214467,58,NA,341.476000,NA,NA,0.000000e+00,0.000000e+00,6.382517e-04,PASS,0.88,3
zero_only,large_k,zero_only,128,512,8192,memset C,,0.001750,0.001761,0.001666,0.000024,51,NA,613566.757000,NA,NA,0.000000e+00,0.000000e+00,0.000000e+00,PASS,0.00,3
end_to_end,large_k,end_to_end,128,512,8192,SME 4x1,"C+=A*B, memset timed",1.209792,1.217378,1.184875,0.031761,151,NA,887.543000,NA,NA,4.348755e-04,1.686271e-06,5.253203e-05,PASS,0.28,3
end_to_end,large_k,end_to_end,128,512,8192,SME 2x2,"C+=A*B, memset timed",1.157250,1.163650,1.130709,0.027138,151,NA,927.839000,NA,NA,4.577637e-04,1.691028e-06,4.640860e-05,PASS,1.76,3
end_to_end,large_k,end_to_end,128,512,8192,SME 1x4,"C+=A*B, memset timed",1.208084,1.212056,1.157625,0.034194,151,NA,888.797000,NA,NA,4.348755e-04,1.686271e-06,5.253203e-05,PASS,1.90,3
end_to_end,large_k,end_to_end,128,512,8192,SME 1x4sym,"C+=A*B, memset timed",1.158333,1.165569,1.117917,0.032924,151,NA,926.972000,NA,NA,4.348755e-04,1.686271e-06,5.253203e-05,PASS,2.00,3
end_to_end,large_k,end_to_end,128,512,8192,SME 4x1ZP,"C+=A*B, memset timed",1.168709,1.173261,1.133042,0.032964,151,NA,918.742000,NA,NA,4.577637e-04,1.691028e-06,4.640860e-05,PASS,1.14,3
end_to_end,large_k,end_to_end,128,512,8192,SME 1x4ZAIO,"C+=A*B, memset timed",1.277625,1.271128,1.169125,0.055405,151,NA,840.420000,NA,NA,0.000000e+00,0.000000e+00,1.943113e-04,PASS,5.50,3
end_to_end,large_k,end_to_end,128,512,8192,SME 1x4Acc,"C=A*B, no memset",1.173791,1.196253,1.074125,0.091744,151,NA,914.764000,NA,NA,0.000000e+00,0.000000e+00,1.943113e-04,PASS,9.93,3
end_to_end,large_k,end_to_end,128,512,8192,SME 1x4AccKc,"C=A*B, no memset",1.213583,1.266323,1.059167,0.125079,151,NA,884.770000,NA,NA,0.000000e+00,0.000000e+00,1.943113e-04,PASS,9.61,3
end_to_end,large_k,end_to_end,128,512,8192,KAI 2VL,,1.433708,1.451360,1.408791,0.052516,151,NA,748.926000,NA,NA,0.000000e+00,0.000000e+00,1.943113e-04,PASS,0.27,3
end_to_end,large_k,end_to_end,128,512,8192,KAI 8VS,,1.490458,1.509263,1.447666,0.058735,151,NA,720.411000,NA,NA,0.000000e+00,0.000000e+00,1.943113e-04,PASS,0.68,3
end_to_end,large_k,end_to_end,128,512,8192,Accelerate,,0.896917,0.904562,0.886458,0.021519,151,NA,1197.147000,NA,NA,0.000000e+00,0.000000e+00,1.943113e-04,PASS,0.93,3
prepacked_full_gemm,large_k,kernel_only,128,512,8192,SME 4x1,"C+=A*B, memset timed",0.834167,0.840703,0.802375,0.027498,151,NA,1287.202000,NA,NA,4.348755e-04,1.686271e-06,5.253203e-05,PASS,1.69,3
prepacked_full_gemm,large_k,kernel_only,128,512,8192,SME 2x2,"C+=A*B, memset timed",0.965500,0.970571,0.937250,0.017257,151,NA,1112.110000,NA,NA,4.577637e-04,1.691028e-06,4.640860e-05,PASS,1.25,3
prepacked_full_gemm,large_k,kernel_only,128,512,8192,SME 1x4,"C+=A*B, memset timed",0.899250,0.906196,0.888916,0.021291,151,NA,1194.042000,NA,NA,4.348755e-04,1.686271e-06,5.253203e-05,PASS,0.24,3
prepacked_full_gemm,large_k,kernel_only,128,512,8192,SME 1x4sym,"C+=A*B, memset timed",0.832959,0.842786,0.825042,0.013682,151,NA,1289.069000,NA,NA,4.348755e-04,1.686271e-06,5.253203e-05,PASS,1.27,3
prepacked_full_gemm,large_k,kernel_only,128,512,8192,SME 4x1ZP,"C+=A*B, memset timed",1.049541,1.049747,0.963875,0.032891,151,NA,1023.058000,NA,NA,4.577637e-04,1.691028e-06,4.640860e-05,PASS,1.17,3
prepacked_full_gemm,large_k,kernel_only,128,512,8192,SME 1x4Acc,"C=A*B, no memset",0.691083,0.695326,0.685084,0.012892,151,NA,1553.709000,NA,NA,0.000000e+00,0.000000e+00,1.943113e-04,PASS,0.53,3
prepacked_full_gemm,large_k,kernel_only,128,512,8192,SME 1x4AccKc,"C=A*B, no memset",0.689125,0.691582,0.685292,0.013395,151,NA,1558.123000,NA,NA,0.000000e+00,0.000000e+00,1.943113e-04,PASS,1.17,3
prepacked_full_gemm,large_k,kernel_only,128,512,8192,KAI 2VL,,0.675083,0.684047,0.662083,0.020202,151,NA,1590.533000,NA,NA,0.000000e+00,0.000000e+00,1.943113e-04,PASS,3.67,3
prepacked_full_gemm,large_k,kernel_only,128,512,8192,KAI 8VS,,0.679875,0.684274,0.673792,0.013188,151,NA,1579.322000,NA,NA,0.000000e+00,0.000000e+00,1.943113e-04,PASS,6.89,3
panel_blocked,large_k,end_to_end,128,512,8192,KAIpanel 2VL,Mc=64 Kc=2048 Nc=512,0.998417,1.006170,0.984917,0.021189,151,NA,1075.444000,0.422168,0.557251,4.348755e-04,1.686271e-06,5.253203e-05,PASS,0.00,1
panel_blocked,large_k,end_to_end,128,512,8192,KAIpanel 8VS,Mc=128 Kc=2048 Nc=512,1.025396,1.040013,0.983563,0.043870,151,NA,1047.261000,0.501791,0.564250,4.348755e-04,1.686271e-06,5.253203e-05,PASS,2.08,2
ggml_cpu,large_k,end_to_end,128,512,8192,llama-native,"graph exec, default buft",30.451938,30.512382,30.348583,0.136396,12,NA,35.260000,NA,NA,4.425049e-04,1.679956e-06,3.058720e-05,PASS,0.22,3
ggml_cpu,large_k,end_to_end,128,512,8192,llama-native+setup,graph rebuild+exec,30.468834,30.479087,30.358792,0.091506,12,NA,35.241000,NA,NA,4.425049e-04,1.679956e-06,3.058720e-05,PASS,0.35,3
ggml_cpu,large_k,end_to_end,128,512,8192,llama-kleidiai,"graph exec, CPU_KLEIDIAI buft",1.607792,1.625615,1.583917,0.050532,101,NA,667.836000,NA,NA,0.000000e+00,0.000000e+00,1.943113e-04,PASS,0.87,3
ggml_cpu,large_k,end_to_end,128,512,8192,llama-kleidiai+setup,graph rebuild+exec,1.604459,1.624949,1.584125,0.052711,101,NA,669.224000,NA,NA,0.000000e+00,0.000000e+00,1.943113e-04,PASS,0.81,3
zero_only,large_k,zero_only,128,512,16384,memset C,,0.001750,0.001783,0.001708,0.000022,51,NA,1227133.513000,NA,NA,0.000000e+00,0.000000e+00,0.000000e+00,PASS,2.34,3
end_to_end,large_k,end_to_end,128,512,16384,SME 4x1,"C+=A*B, memset timed",2.464521,2.472040,2.435417,0.039245,143,NA,871.359000,NA,NA,1.037598e-03,2.380409e-06,7.222689e-05,PASS,0.99,3
end_to_end,large_k,end_to_end,128,512,16384,SME 2x2,"C+=A*B, memset timed",2.387917,2.406808,2.363917,0.044822,147,NA,899.313000,NA,NA,1.037598e-03,2.352629e-06,4.073820e-05,PASS,0.37,3
end_to_end,large_k,end_to_end,128,512,16384,SME 1x4,"C+=A*B, memset timed",2.487833,2.505224,2.450000,0.049209,142,NA,863.194000,NA,NA,1.037598e-03,2.380409e-06,7.222689e-05,PASS,0.49,3
end_to_end,large_k,end_to_end,128,512,16384,SME 1x4sym,"C+=A*B, memset timed",2.415666,2.432208,2.375000,0.046375,141,NA,888.982000,NA,NA,1.037598e-03,2.380409e-06,7.222689e-05,PASS,3.39,3
end_to_end,large_k,end_to_end,128,512,16384,SME 4x1ZP,"C+=A*B, memset timed",2.383625,2.420123,2.371458,0.189490,144,NA,900.932000,NA,NA,1.037598e-03,2.352629e-06,4.073820e-05,PASS,0.48,3
end_to_end,large_k,end_to_end,128,512,16384,SME 1x4ZAIO,"C+=A*B, memset timed",3.048916,3.104452,2.962916,0.156427,118,NA,704.343000,NA,NA,0.000000e+00,0.000000e+00,2.990809e-04,PASS,0.52,3
end_to_end,large_k,end_to_end,128,512,16384,SME 1x4Acc,"C=A*B, no memset",2.150625,2.194790,2.008833,0.160104,151,NA,998.539000,NA,NA,0.000000e+00,0.000000e+00,2.990809e-04,PASS,2.30,3
end_to_end,large_k,end_to_end,128,512,16384,SME 1x4AccKc,"C=A*B, no memset",2.134458,2.168161,1.984500,0.145444,151,NA,1006.103000,NA,NA,0.000000e+00,0.000000e+00,2.990809e-04,PASS,2.96,3
end_to_end,large_k,end_to_end,128,512,16384,KAI 2VL,,3.173875,3.231895,3.135000,0.105468,111,NA,676.613000,NA,NA,0.000000e+00,0.000000e+00,2.990809e-04,PASS,3.45,3
end_to_end,large_k,end_to_end,128,512,16384,KAI 8VS,,3.138958,3.244390,3.081125,0.169184,97,NA,684.139000,NA,NA,0.000000e+00,0.000000e+00,2.990809e-04,PASS,3.96,3
end_to_end,large_k,end_to_end,128,512,16384,Accelerate,,1.887792,1.900335,1.870500,0.036860,151,NA,1137.564000,NA,NA,0.000000e+00,0.000000e+00,2.990809e-04,PASS,0.75,3
prepacked_full_gemm,large_k,kernel_only,128,512,16384,SME 4x1,"C+=A*B, memset timed",1.705125,1.719170,1.683167,0.039382,151,NA,1259.429000,NA,NA,1.037598e-03,2.380409e-06,7.222689e-05,PASS,0.53,3
prepacked_full_gemm,large_k,kernel_only,128,512,16384,SME 2x2,"C+=A*B, memset timed",1.955458,1.969076,1.936459,0.040295,151,NA,1098.200000,NA,NA,1.037598e-03,2.352629e-06,4.073820e-05,PASS,0.50,3
prepacked_full_gemm,large_k,kernel_only,128,512,16384,SME 1x4,"C+=A*B, memset timed",1.863250,1.878296,1.852583,0.036399,151,NA,1152.547000,NA,NA,1.037598e-03,2.380409e-06,7.222689e-05,PASS,0.57,3
prepacked_full_gemm,large_k,kernel_only,128,512,16384,SME 1x4sym,"C+=A*B, memset timed",1.679500,1.688284,1.670708,0.019895,151,NA,1278.645000,NA,NA,1.037598e-03,2.380409e-06,7.222689e-05,PASS,0.26,3
prepacked_full_gemm,large_k,kernel_only,128,512,16384,SME 4x1ZP,"C+=A*B, memset timed",2.176000,2.183406,2.161000,0.021519,151,NA,986.895000,NA,NA,1.037598e-03,2.352629e-06,4.073820e-05,PASS,0.40,3
prepacked_full_gemm,large_k,kernel_only,128,512,16384,SME 1x4Acc,"C=A*B, no memset",1.988083,2.001615,1.905292,0.082761,151,NA,1080.178000,NA,NA,0.000000e+00,0.000000e+00,2.990809e-04,PASS,3.99,3
prepacked_full_gemm,large_k,kernel_only,128,512,16384,SME 1x4AccKc,"C=A*B, no memset",1.972208,1.989323,1.903916,0.073277,151,NA,1088.873000,NA,NA,0.000000e+00,0.000000e+00,2.990809e-04,PASS,4.12,3
prepacked_full_gemm,large_k,kernel_only,128,512,16384,KAI 2VL,,1.640708,1.671470,1.620542,0.055416,151,NA,1308.876000,NA,NA,0.000000e+00,0.000000e+00,2.990809e-04,PASS,4.27,3
prepacked_full_gemm,large_k,kernel_only,128,512,16384,KAI 8VS,,1.626291,1.658804,1.576958,0.091803,151,NA,1320.479000,NA,NA,0.000000e+00,0.000000e+00,2.990809e-04,PASS,3.74,3
panel_blocked,large_k,end_to_end,128,512,16384,KAIpanel 2VL,Mc=128 Kc=2048 Nc=512,2.013083,2.024636,1.989292,0.033974,151,NA,1066.763500,0.892209,1.170292,1.037598e-03,2.380409e-06,7.222689e-05,PASS,0.04,2
panel_blocked,large_k,end_to_end,128,512,16384,KAIpanel 8VS,Mc=256 Kc=2048 Nc=512,2.098250,2.118473,2.067625,0.053826,151,NA,1023.464000,0.961500,1.090084,1.037598e-03,2.380409e-06,7.222689e-05,PASS,0.00,1
ggml_cpu,large_k,end_to_end,128,512,16384,llama-native,"graph exec, default buft",68.274896,68.237445,67.766417,0.326454,6,NA,31.453000,NA,NA,9.765625e-04,2.372017e-06,7.791251e-05,PASS,0.44,3
ggml_cpu,large_k,end_to_end,128,512,16384,llama-native+setup,graph rebuild+exec,68.352417,68.316486,67.813333,0.443425,6,NA,31.418000,NA,NA,9.765625e-04,2.372017e-06,7.791251e-05,PASS,0.67,3
ggml_cpu,large_k,end_to_end,128,512,16384,llama-kleidiai,"graph exec, CPU_KLEIDIAI buft",3.582021,3.634871,3.508375,0.115364,98,NA,599.517000,NA,NA,0.000000e+00,0.000000e+00,2.990809e-04,PASS,3.70,3
ggml_cpu,large_k,end_to_end,128,512,16384,llama-kleidiai+setup,graph rebuild+exec,3.579187,3.622608,3.523834,0.145183,98,NA,599.992000,NA,NA,0.000000e+00,0.000000e+00,2.990809e-04,PASS,3.26,3
zero_only,large_k,zero_only,128,512,32768,memset C,,0.001750,0.001887,0.001666,0.000922,51,NA,2454267.026000,NA,NA,0.000000e+00,0.000000e+00,0.000000e+00,PASS,0.00,3
end_to_end,large_k,end_to_end,128,512,32768,SME 4x1,"C+=A*B, memset timed",4.938104,4.971314,4.883417,0.082221,72,NA,869.760000,NA,NA,1.831055e-03,3.343817e-06,1.539294e-04,PASS,0.60,3
end_to_end,large_k,end_to_end,128,512,32768,SME 2x2,"C+=A*B, memset timed",4.792521,4.806966,4.729292,0.067049,74,NA,896.181000,NA,NA,1.815796e-03,3.306903e-06,8.694558e-05,PASS,0.57,3
end_to_end,large_k,end_to_end,128,512,32768,SME 1x4,"C+=A*B, memset timed",4.995625,5.014779,4.925292,0.071576,71,NA,859.746000,NA,NA,1.831055e-03,3.343817e-06,1.539294e-04,PASS,0.87,3
end_to_end,large_k,end_to_end,128,512,32768,SME 1x4sym,"C+=A*B, memset timed",4.839313,4.865957,4.778417,0.084744,70,NA,887.516000,NA,NA,1.831055e-03,3.343817e-06,1.539294e-04,PASS,2.91,3
end_to_end,large_k,end_to_end,128,512,32768,SME 4x1ZP,"C+=A*B, memset timed",4.768270,4.820838,4.735167,0.200775,74,NA,900.739000,NA,NA,1.815796e-03,3.306903e-06,8.694558e-05,PASS,0.26,3
end_to_end,large_k,end_to_end,128,512,32768,SME 1x4ZAIO,"C+=A*B, memset timed",7.728855,7.837749,7.606833,0.219527,45,NA,555.706000,NA,NA,0.000000e+00,0.000000e+00,8.056936e-04,PASS,0.65,3
end_to_end,large_k,end_to_end,128,512,32768,SME 1x4Acc,"C=A*B, no memset",5.839041,5.909076,5.653417,0.199073,61,NA,735.560000,NA,NA,0.000000e+00,0.000000e+00,8.056936e-04,PASS,2.51,3
end_to_end,large_k,end_to_end,128,512,32768,SME 1x4AccKc,"C=A*B, no memset",5.858521,5.933336,5.716625,0.208132,61,NA,733.115000,NA,NA,0.000000e+00,0.000000e+00,8.056936e-04,PASS,4.75,3
end_to_end,large_k,end_to_end,128,512,32768,KAI 2VL,,7.766084,7.845867,7.652208,0.217750,42,NA,553.042000,NA,NA,0.000000e+00,0.000000e+00,8.056936e-04,PASS,1.05,3
end_to_end,large_k,end_to_end,128,512,32768,KAI 8VS,,7.880375,8.022361,7.819875,0.246464,45,NA,545.021000,NA,NA,0.000000e+00,0.000000e+00,8.056936e-04,PASS,0.96,3
end_to_end,large_k,end_to_end,128,512,32768,Accelerate,,3.778104,3.807696,3.742750,0.057905,94,NA,1136.805000,NA,NA,0.000000e+00,0.000000e+00,8.056936e-04,PASS,0.65,3
prepacked_full_gemm,large_k,kernel_only,128,512,32768,SME 4x1,"C+=A*B, memset timed",3.414291,3.452969,3.390542,0.080618,103,NA,1257.938000,NA,NA,1.831055e-03,3.343817e-06,1.539294e-04,PASS,0.18,3
prepacked_full_gemm,large_k,kernel_only,128,512,32768,SME 2x2,"C+=A*B, memset timed",3.917958,3.931337,3.883833,0.046654,90,NA,1096.226000,NA,NA,1.815796e-03,3.306903e-06,8.694558e-05,PASS,0.72,3
prepacked_full_gemm,large_k,kernel_only,128,512,32768,SME 1x4,"C+=A*B, memset timed",3.731230,3.755078,3.715583,0.064958,91,NA,1151.086000,NA,NA,1.831055e-03,3.343817e-06,1.539294e-04,PASS,1.30,3
prepacked_full_gemm,large_k,kernel_only,128,512,32768,SME 1x4sym,"C+=A*B, memset timed",3.368042,3.385405,3.349875,0.045863,105,NA,1275.212000,NA,NA,1.831055e-03,3.343817e-06,1.539294e-04,PASS,1.92,3
prepacked_full_gemm,large_k,kernel_only,128,512,32768,SME 4x1ZP,"C+=A*B, memset timed",4.341083,4.358350,4.312167,0.050381,82,NA,989.377000,NA,NA,1.815796e-03,3.306903e-06,8.694558e-05,PASS,2.15,3
prepacked_full_gemm,large_k,kernel_only,128,512,32768,SME 1x4Acc,"C=A*B, no memset",4.451083,4.518536,4.410709,0.153504,74,NA,964.926000,NA,NA,0.000000e+00,0.000000e+00,8.056936e-04,PASS,12.39,3
prepacked_full_gemm,large_k,kernel_only,128,512,32768,SME 1x4AccKc,"C=A*B, no memset",4.459916,4.528092,4.416625,0.151728,79,NA,963.015000,NA,NA,0.000000e+00,0.000000e+00,8.056936e-04,PASS,0.88,3
prepacked_full_gemm,large_k,kernel_only,128,512,32768,KAI 2VL,,4.653313,4.735982,4.608458,0.194210,76,NA,922.991000,NA,NA,0.000000e+00,0.000000e+00,8.056936e-04,PASS,7.30,3
prepacked_full_gemm,large_k,kernel_only,128,512,32768,KAI 8VS,,4.950208,5.063613,4.884708,0.210069,64,NA,867.634000,NA,NA,0.000000e+00,0.000000e+00,8.056936e-04,PASS,2.83,3
panel_blocked,large_k,end_to_end,128,512,32768,KAIpanel 2VL,Mc=128 Kc=2048 Nc=512,4.028605,4.058352,3.975000,0.073780,88,NA,1066.118000,1.674208,2.229837,1.831055e-03,3.343817e-06,1.539294e-04,PASS,0.00,1
panel_blocked,large_k,end_to_end,128,512,32768,KAIpanel 8VS,Mc=256 Kc=2048 Nc=512,4.218792,4.257214,4.177209,0.082400,84,NA,1018.056000,1.936376,2.202291,1.831055e-03,3.343817e-06,1.539294e-04,PASS,0.00,1
ggml_cpu,large_k,end_to_end,128,512,32768,llama-native,"graph exec, default buft",147.089333,146.791208,146.289875,0.473462,5,NA,29.200000,NA,NA,1.754761e-03,3.369887e-06,1.153546e-04,PASS,1.24,3
ggml_cpu,large_k,end_to_end,128,512,32768,llama-native+setup,graph rebuild+exec,146.649875,146.859200,146.520750,0.307168,5,NA,29.287000,NA,NA,1.754761e-03,3.369887e-06,1.153546e-04,PASS,0.14,3
ggml_cpu,large_k,end_to_end,128,512,32768,llama-kleidiai,"graph exec, CPU_KLEIDIAI buft",9.120500,9.169825,8.821625,0.204371,39,NA,470.914000,NA,NA,0.000000e+00,0.000000e+00,8.056936e-04,PASS,0.46,3
ggml_cpu,large_k,end_to_end,128,512,32768,llama-kleidiai+setup,graph rebuild+exec,9.120708,9.233155,8.900458,0.236738,39,NA,470.903000,NA,NA,0.000000e+00,0.000000e+00,8.056936e-04,PASS,0.67,3
