experiment,category,mode,M,N,K,implementation,variant,median_ms,mean_ms,min_ms,stddev_ms,reps,ns_per_invocation,gflops,packing_ms,compute_ms,max_abs_error,relative_error,max_abs_error_vs_fp64,status
hot_microkernel,hot,hot_microkernel,64,16,128,"SME 4x1","64x16 tile",1.431605,1.469580,1.415125,0.168959,162,490.612,534.321,NA,NA,0.000000e+00,0.000000e+00,0.000000e+00,PASS
hot_microkernel,hot,hot_microkernel,64,16,128,"SME 4x1 [iso]","64x16, smstart/call",1.428584,1.429587,1.415959,0.009086,201,489.576,535.451,NA,NA,0.000000e+00,0.000000e+00,0.000000e+00,PASS
hot_microkernel,hot,hot_microkernel,32,32,128,"SME 2x2","32x32 tile",1.854333,1.856428,1.839625,0.011080,163,488.883,536.210,NA,NA,0.000000e+00,0.000000e+00,0.000000e+00,PASS
hot_microkernel,hot,hot_microkernel,32,32,128,"SME 2x2 [iso]","32x32, smstart/call",1.855812,1.860997,1.840625,0.016663,162,489.273,535.783,NA,NA,0.000000e+00,0.000000e+00,0.000000e+00,PASS
hot_microkernel,hot,hot_microkernel,16,64,128,"SME 1x4","16x64 tile",1.877416,1.878480,1.864833,0.010757,160,488.275,536.878,NA,NA,0.000000e+00,0.000000e+00,0.000000e+00,PASS
hot_microkernel,hot,hot_microkernel,16,64,128,"SME 1x4 [iso]","16x64, smstart/call",1.871167,1.873745,1.865791,0.008259,160,486.649,538.671,NA,NA,0.000000e+00,0.000000e+00,0.000000e+00,PASS
hot_microkernel,hot,hot_microkernel,16,64,128,"SME 1x4sym","16x64 tile",1.744375,1.763036,1.740541,0.143330,173,486.034,539.354,NA,NA,0.000000e+00,0.000000e+00,0.000000e+00,PASS
hot_microkernel,hot,hot_microkernel,16,64,128,"SME 1x4sym [iso]","16x64, smstart/call",1.744917,1.747489,1.741416,0.007389,171,486.185,539.186,NA,NA,0.000000e+00,0.000000e+00,0.000000e+00,PASS
hot_microkernel,hot,hot_microkernel,64,16,128,"SME 4x1ZP","64x16 tile",1.736125,1.737767,1.732750,0.010017,173,485.901,539.501,NA,NA,0.000000e+00,0.000000e+00,0.000000e+00,PASS
hot_microkernel,hot,hot_microkernel,64,16,128,"SME 4x1ZP [iso]","64x16, smstart/call",1.746375,1.746430,1.733625,0.009039,171,488.770,536.334,NA,NA,0.000000e+00,0.000000e+00,0.000000e+00,PASS
hot_microkernel,hot,hot_microkernel,16,64,128,"SME 1x4Acc","16x64 tile",1.599458,1.602203,1.592333,0.008182,187,182.212,1438.675,NA,NA,0.000000e+00,0.000000e+00,0.000000e+00,PASS
hot_microkernel,hot,hot_microkernel,16,64,128,"SME 1x4Acc [iso]","16x64, smstart/call",1.602416,1.604270,1.595292,0.008353,188,182.549,1436.019,NA,NA,0.000000e+00,0.000000e+00,0.000000e+00,PASS
hot_microkernel,hot,hot_microkernel,16,64,128,"SME 1x4Acc [amort]","16x64, zero+store amort",1.146500,1.149466,1.141833,0.007368,201,130.611,2007.065,NA,NA,0.000000e+00,0.000000e+00,0.000000e+00,PASS
hot_microkernel,hot,hot_microkernel,16,64,128,"SME 1x4AccKc","16x64 tile",1.617917,1.619940,1.610833,0.008430,186,182.198,1438.787,NA,NA,0.000000e+00,0.000000e+00,0.000000e+00,PASS
hot_microkernel,hot,hot_microkernel,16,64,128,"SME 1x4AccKc [iso]","16x64, smstart/call",1.621000,1.624005,1.613792,0.008817,185,182.545,1436.051,NA,NA,0.000000e+00,0.000000e+00,0.000000e+00,PASS
hot_microkernel,hot,hot_microkernel,16,64,128,"SME 1x4AccKc [amort]","16x64, zero+store amort",1.159792,1.162373,1.155125,0.007108,201,130.607,2007.117,NA,NA,0.000000e+00,0.000000e+00,0.000000e+00,PASS
hot_microkernel,hot,hot_microkernel,32,32,128,"KAI 2VL","32x32 tile",1.568625,1.570761,1.560875,0.009765,186,190.436,1376.543,NA,NA,0.000000e+00,0.000000e+00,0.000000e+00,PASS
hot_microkernel,hot,hot_microkernel,16,16,128,"KAI 8VS","16x16 tile",2.028313,1.984488,1.793584,0.094884,162,128.082,511.671,NA,NA,3.337860e-06,2.031063e-07,0.000000e+00,PASS
hot_microkernel,hot,hot_microkernel,64,16,256,"SME 4x1","64x16 tile",1.628500,1.627497,1.616167,0.007136,185,619.673,846.072,NA,NA,0.000000e+00,0.000000e+00,0.000000e+00,PASS
hot_microkernel,hot,hot_microkernel,64,16,256,"SME 4x1 [iso]","64x16, smstart/call",1.629334,1.629006,1.617209,0.008291,184,619.990,845.639,NA,NA,0.000000e+00,0.000000e+00,0.000000e+00,PASS
hot_microkernel,hot,hot_microkernel,32,32,256,"SME 2x2","32x32 tile",1.906125,1.907239,1.895375,0.009399,159,619.073,846.892,NA,NA,0.000000e+00,0.000000e+00,0.000000e+00,PASS
hot_microkernel,hot,hot_microkernel,32,32,256,"SME 2x2 [iso]","32x32, smstart/call",1.906916,1.908514,1.894625,0.011977,157,619.330,846.541,NA,NA,0.000000e+00,0.000000e+00,0.000000e+00,PASS
hot_microkernel,hot,hot_microkernel,16,64,256,"SME 1x4","16x64 tile",1.854480,1.855781,1.842167,0.011821,162,619.192,846.730,NA,NA,0.000000e+00,0.000000e+00,0.000000e+00,PASS
hot_microkernel,hot,hot_microkernel,16,64,256,"SME 1x4 [iso]","16x64, smstart/call",1.855250,1.855634,1.842958,0.009096,162,619.449,846.378,NA,NA,0.000000e+00,0.000000e+00,0.000000e+00,PASS
hot_microkernel,hot,hot_microkernel,16,64,256,"SME 1x4sym","16x64 tile",1.802166,1.802681,1.789917,0.008454,167,619.301,846.580,NA,NA,0.000000e+00,0.000000e+00,0.000000e+00,PASS
hot_microkernel,hot,hot_microkernel,16,64,256,"SME 1x4sym [iso]","16x64, smstart/call",1.805667,1.809575,1.791417,0.013673,167,620.504,844.939,NA,NA,0.000000e+00,0.000000e+00,0.000000e+00,PASS
hot_microkernel,hot,hot_microkernel,64,16,256,"SME 4x1ZP","64x16 tile",1.808958,1.810346,1.796500,0.010023,167,619.294,846.590,NA,NA,0.000000e+00,0.000000e+00,0.000000e+00,PASS
hot_microkernel,hot,hot_microkernel,64,16,256,"SME 4x1ZP [iso]","64x16, smstart/call",1.809667,1.811588,1.797458,0.009995,167,619.537,846.258,NA,NA,0.000000e+00,0.000000e+00,0.000000e+00,PASS
hot_microkernel,hot,hot_microkernel,16,64,256,"SME 1x4Acc","16x64 tile",1.631833,1.634230,1.624666,0.007901,185,312.851,1675.837,NA,NA,0.000000e+00,0.000000e+00,0.000000e+00,PASS
hot_microkernel,hot,hot_microkernel,16,64,256,"SME 1x4Acc [iso]","16x64, smstart/call",1.633583,1.636393,1.626375,0.011001,184,313.187,1674.042,NA,NA,0.000000e+00,0.000000e+00,0.000000e+00,PASS
hot_microkernel,hot,hot_microkernel,16,64,256,"SME 1x4Acc [amort]","16x64, zero+store amort",1.364167,1.368094,1.357000,0.010355,201,261.535,2004.656,NA,NA,0.000000e+00,0.000000e+00,0.000000e+00,PASS
hot_microkernel,hot,hot_microkernel,16,64,256,"SME 1x4AccKc","16x64 tile",1.631833,1.634216,1.624666,0.008462,184,312.851,1675.837,NA,NA,0.000000e+00,0.000000e+00,0.000000e+00,PASS
hot_microkernel,hot,hot_microkernel,16,64,256,"SME 1x4AccKc [iso]","16x64, smstart/call",1.633542,1.635743,1.627333,0.008481,185,313.179,1674.084,NA,NA,0.000000e+00,0.000000e+00,0.000000e+00,PASS
hot_microkernel,hot,hot_microkernel,16,64,256,"SME 1x4AccKc [amort]","16x64, zero+store amort",1.359709,1.363532,1.357000,0.018314,201,260.680,2011.229,NA,NA,0.000000e+00,0.000000e+00,0.000000e+00,PASS
hot_microkernel,hot,hot_microkernel,32,32,256,"KAI 2VL","32x32 tile",1.644645,1.642209,1.620250,0.013644,186,324.388,1616.239,NA,NA,0.000000e+00,0.000000e+00,0.000000e+00,PASS
hot_microkernel,hot,hot_microkernel,16,16,256,"KAI 8VS","16x16 tile",1.570666,1.572636,1.554542,0.009335,191,138.044,949.494,NA,NA,5.722046e-06,2.753174e-07,0.000000e+00,PASS
hot_microkernel,hot,hot_microkernel,64,16,512,"SME 4x1","64x16 tile",1.859083,1.862886,1.851791,0.009148,161,878.584,1193.485,NA,NA,0.000000e+00,0.000000e+00,0.000000e+00,PASS
hot_microkernel,hot,hot_microkernel,64,16,512,"SME 4x1 [iso]","64x16, smstart/call",1.859521,1.862928,1.852333,0.009659,162,878.791,1193.203,NA,NA,0.000000e+00,0.000000e+00,0.000000e+00,PASS
hot_microkernel,hot,hot_microkernel,32,32,512,"SME 2x2","32x32 tile",1.932562,1.935862,1.925583,0.008572,156,878.438,1193.683,NA,NA,0.000000e+00,0.000000e+00,0.000000e+00,PASS
hot_microkernel,hot,hot_microkernel,32,32,512,"SME 2x2 [iso]","32x32, smstart/call",1.933105,1.937546,1.926166,0.013697,156,878.684,1193.348,NA,NA,0.000000e+00,0.000000e+00,0.000000e+00,PASS
hot_microkernel,hot,hot_microkernel,16,64,512,"SME 1x4","16x64 tile",1.895083,1.898244,1.886666,0.009402,159,893.065,1174.132,NA,NA,0.000000e+00,0.000000e+00,0.000000e+00,PASS
hot_microkernel,hot,hot_microkernel,16,64,512,"SME 1x4 [iso]","16x64, smstart/call",1.898292,1.899832,1.887834,0.008513,159,894.577,1172.148,NA,NA,0.000000e+00,0.000000e+00,0.000000e+00,PASS
hot_microkernel,hot,hot_microkernel,16,64,512,"SME 1x4sym","16x64 tile",1.913729,1.917388,1.907167,0.009079,158,878.663,1193.376,NA,NA,0.000000e+00,0.000000e+00,0.000000e+00,PASS
hot_microkernel,hot,hot_microkernel,16,64,512,"SME 1x4sym [iso]","16x64, smstart/call",1.915250,1.921409,1.906667,0.038043,157,879.362,1192.428,NA,NA,0.000000e+00,0.000000e+00,0.000000e+00,PASS
hot_microkernel,hot,hot_microkernel,64,16,512,"SME 4x1ZP","64x16 tile",1.885250,1.888382,1.878791,0.009264,160,878.495,1193.605,NA,NA,0.000000e+00,0.000000e+00,0.000000e+00,PASS
hot_microkernel,hot,hot_microkernel,64,16,512,"SME 4x1ZP [iso]","64x16, smstart/call",1.885792,1.888901,1.879041,0.008521,160,878.747,1193.262,NA,NA,0.000000e+00,0.000000e+00,0.000000e+00,PASS
hot_microkernel,hot,hot_microkernel,16,64,512,"SME 1x4Acc","16x64 tile",1.899854,1.903610,1.890416,0.010551,158,574.495,1825.214,NA,NA,0.000000e+00,0.000000e+00,0.000000e+00,PASS
hot_microkernel,hot,hot_microkernel,16,64,512,"SME 1x4Acc [iso]","16x64, smstart/call",1.898792,1.902397,1.891625,0.009062,159,574.174,1826.235,NA,NA,0.000000e+00,0.000000e+00,0.000000e+00,PASS
hot_microkernel,hot,hot_microkernel,16,64,512,"SME 1x4Acc [amort]","16x64, zero+store amort",1.727791,1.729614,1.720709,0.007707,174,522.465,2006.979,NA,NA,0.000000e+00,0.000000e+00,0.000000e+00,PASS
hot_microkernel,hot,hot_microkernel,16,64,512,"SME 1x4AccKc","16x64 tile",1.919666,1.923299,1.911000,0.010611,157,574.235,1826.041,NA,NA,0.000000e+00,0.000000e+00,0.000000e+00,PASS
hot_microkernel,hot,hot_microkernel,16,64,512,"SME 1x4AccKc [iso]","16x64, smstart/call",1.919625,1.922518,1.912166,0.008432,157,574.222,1826.080,NA,NA,0.000000e+00,0.000000e+00,0.000000e+00,PASS
hot_microkernel,hot,hot_microkernel,16,64,512,"SME 1x4AccKc [amort]","16x64, zero+store amort",1.746583,1.748784,1.739542,0.008287,172,522.460,2006.999,NA,NA,0.000000e+00,0.000000e+00,0.000000e+00,PASS
hot_microkernel,hot,hot_microkernel,32,32,512,"KAI 2VL","32x32 tile",1.836896,1.841005,1.827708,0.009981,164,582.217,1801.004,NA,NA,0.000000e+00,0.000000e+00,0.000000e+00,PASS
hot_microkernel,hot,hot_microkernel,16,16,512,"KAI 8VS","16x16 tile",1.625333,1.628836,1.617500,0.010486,185,170.352,1538.833,NA,NA,1.430511e-05,4.871500e-07,0.000000e+00,PASS
hot_microkernel,hot,hot_microkernel,64,16,1024,"SME 4x1","64x16 tile",1.970958,1.973374,1.963958,0.008385,153,1400.823,1497.086,NA,NA,0.000000e+00,0.000000e+00,0.000000e+00,PASS
hot_microkernel,hot,hot_microkernel,64,16,1024,"SME 4x1 [iso]","64x16, smstart/call",1.971625,1.974686,1.963917,0.009731,153,1401.297,1496.579,NA,NA,0.000000e+00,0.000000e+00,0.000000e+00,PASS
hot_microkernel,hot,hot_microkernel,32,32,1024,"SME 2x2","32x32 tile",1.950354,1.955154,1.942625,0.011710,154,1401.116,1496.772,NA,NA,0.000000e+00,0.000000e+00,0.000000e+00,PASS
hot_microkernel,hot,hot_microkernel,32,32,1024,"SME 2x2 [iso]","32x32, smstart/call",1.951417,1.954311,1.942916,0.010841,154,1401.880,1495.957,NA,NA,0.000000e+00,0.000000e+00,0.000000e+00,PASS
hot_microkernel,hot,hot_microkernel,16,64,1024,"SME 1x4","16x64 tile",1.942542,1.946512,1.934625,0.009545,155,1451.825,1444.494,NA,NA,0.000000e+00,0.000000e+00,0.000000e+00,PASS
hot_microkernel,hot,hot_microkernel,16,64,1024,"SME 1x4 [iso]","16x64, smstart/call",1.943459,1.947284,1.933958,0.011444,155,1452.510,1443.812,NA,NA,0.000000e+00,0.000000e+00,0.000000e+00,PASS
hot_microkernel,hot,hot_microkernel,16,64,1024,"SME 1x4sym","16x64 tile",1.959375,1.962465,1.952375,0.009667,154,1400.554,1497.373,NA,NA,0.000000e+00,0.000000e+00,0.000000e+00,PASS
hot_microkernel,hot,hot_microkernel,16,64,1024,"SME 1x4sym [iso]","16x64, smstart/call",1.960166,1.963029,1.952750,0.008822,153,1401.119,1496.769,NA,NA,0.000000e+00,0.000000e+00,0.000000e+00,PASS
hot_microkernel,hot,hot_microkernel,64,16,1024,"SME 4x1ZP","64x16 tile",1.926083,1.930049,1.917417,0.011497,156,1401.807,1496.035,NA,NA,0.000000e+00,0.000000e+00,0.000000e+00,PASS
hot_microkernel,hot,hot_microkernel,64,16,1024,"SME 4x1ZP [iso]","64x16, smstart/call",1.925896,1.928499,1.919291,0.008200,156,1401.671,1496.180,NA,NA,0.000000e+00,0.000000e+00,0.000000e+00,PASS
hot_microkernel,hot,hot_microkernel,16,64,1024,"SME 1x4Acc","16x64 tile",1.876625,1.880180,1.869417,0.009855,159,1096.159,1913.181,NA,NA,0.000000e+00,0.000000e+00,0.000000e+00,PASS
hot_microkernel,hot,hot_microkernel,16,64,1024,"SME 1x4Acc [iso]","16x64, smstart/call",1.877145,1.879837,1.869958,0.008812,160,1096.463,1912.651,NA,NA,0.000000e+00,0.000000e+00,0.000000e+00,PASS
hot_microkernel,hot,hot_microkernel,16,64,1024,"SME 1x4Acc [amort]","16x64, zero+store amort",1.789792,1.793600,1.781625,0.010674,168,1045.439,2006.001,NA,NA,0.000000e+00,0.000000e+00,0.000000e+00,PASS
hot_microkernel,hot,hot_microkernel,16,64,1024,"SME 1x4AccKc","16x64 tile",1.894042,1.896189,1.886958,0.008201,159,1096.089,1913.304,NA,NA,0.000000e+00,0.000000e+00,0.000000e+00,PASS
hot_microkernel,hot,hot_microkernel,16,64,1024,"SME 1x4AccKc [iso]","16x64, smstart/call",1.896250,1.899722,1.889041,0.011180,158,1097.367,1911.076,NA,NA,0.000000e+00,0.000000e+00,0.000000e+00,PASS
hot_microkernel,hot,hot_microkernel,16,64,1024,"SME 1x4AccKc [amort]","16x64, zero+store amort",1.805417,1.810367,1.798333,0.014864,167,1044.802,2007.225,NA,NA,0.000000e+00,0.000000e+00,0.000000e+00,PASS
hot_microkernel,hot,hot_microkernel,32,32,1024,"KAI 2VL","32x32 tile",1.973416,1.977532,1.965500,0.014086,153,1104.318,1899.047,NA,NA,0.000000e+00,0.000000e+00,0.000000e+00,PASS
hot_microkernel,hot,hot_microkernel,16,16,1024,"KAI 8VS","16x16 tile",1.730563,1.739833,1.721708,0.024909,174,300.236,1746.251,NA,NA,2.670288e-05,6.157844e-07,0.000000e+00,PASS
hot_microkernel,hot,hot_microkernel,64,16,2048,"SME 4x1","64x16 tile",1.923001,1.926710,1.914834,0.009548,156,2446.566,1714.364,NA,NA,0.000000e+00,0.000000e+00,0.000000e+00,PASS
hot_microkernel,hot,hot_microkernel,64,16,2048,"SME 4x1 [iso]","64x16, smstart/call",1.922000,1.925506,1.915042,0.009512,154,2445.293,1715.256,NA,NA,0.000000e+00,0.000000e+00,0.000000e+00,PASS
hot_microkernel,hot,hot_microkernel,32,32,2048,"SME 2x2","32x32 tile",1.984208,1.987961,1.975709,0.010008,152,2446.619,1714.327,NA,NA,0.000000e+00,0.000000e+00,0.000000e+00,PASS
hot_microkernel,hot,hot_microkernel,32,32,2048,"SME 2x2 [iso]","32x32, smstart/call",1.983000,1.986753,1.975958,0.010789,152,2445.129,1715.371,NA,NA,0.000000e+00,0.000000e+00,0.000000e+00,PASS
hot_microkernel,hot,hot_microkernel,16,64,2048,"SME 1x4","16x64 tile",2.002542,2.006940,1.994834,0.010427,149,2567.362,1633.702,NA,NA,0.000000e+00,0.000000e+00,0.000000e+00,PASS
hot_microkernel,hot,hot_microkernel,16,64,2048,"SME 1x4 [iso]","16x64, smstart/call",2.003292,2.005599,1.995750,0.008646,150,2568.323,1633.090,NA,NA,0.000000e+00,0.000000e+00,0.000000e+00,PASS
hot_microkernel,hot,hot_microkernel,16,64,2048,"SME 1x4sym","16x64 tile",2.001417,2.004603,1.992833,0.009471,151,2446.720,1714.256,NA,NA,0.000000e+00,0.000000e+00,0.000000e+00,PASS
hot_microkernel,hot,hot_microkernel,16,64,2048,"SME 1x4sym [iso]","16x64, smstart/call",2.000500,2.004438,1.993041,0.010060,151,2445.599,1715.042,NA,NA,0.000000e+00,0.000000e+00,0.000000e+00,PASS
hot_microkernel,hot,hot_microkernel,64,16,2048,"SME 4x1ZP","64x16 tile",1.925667,1.928536,1.918334,0.009447,156,2446.844,1714.169,NA,NA,0.000000e+00,0.000000e+00,0.000000e+00,PASS
hot_microkernel,hot,hot_microkernel,64,16,2048,"SME 4x1ZP [iso]","64x16, smstart/call",1.924417,1.926936,1.917458,0.010172,157,2445.257,1715.282,NA,NA,0.000000e+00,0.000000e+00,0.000000e+00,PASS
hot_microkernel,hot,hot_microkernel,16,64,2048,"SME 1x4Acc","16x64 tile",1.890375,1.895071,1.883083,0.012406,159,2140.855,1959.172,NA,NA,0.000000e+00,0.000000e+00,0.000000e+00,PASS
hot_microkernel,hot,hot_microkernel,16,64,2048,"SME 1x4Acc [iso]","16x64, smstart/call",1.890459,1.893799,1.883375,0.009957,159,2140.950,1959.085,NA,NA,0.000000e+00,0.000000e+00,0.000000e+00,PASS
hot_microkernel,hot,hot_microkernel,16,64,2048,"SME 1x4Acc [amort]","16x64, zero+store amort",1.844958,1.847779,1.838667,0.008575,163,2089.420,2007.401,NA,NA,0.000000e+00,0.000000e+00,0.000000e+00,PASS
hot_microkernel,hot,hot_microkernel,16,64,2048,"SME 1x4AccKc","16x64 tile",1.986708,1.990232,1.979042,0.009475,152,2140.850,1959.177,NA,NA,0.000000e+00,0.000000e+00,0.000000e+00,PASS
hot_microkernel,hot,hot_microkernel,16,64,2048,"SME 1x4AccKc [iso]","16x64, smstart/call",1.987958,2.008586,1.979375,0.199014,152,2142.196,1957.946,NA,NA,0.000000e+00,0.000000e+00,0.000000e+00,PASS
hot_microkernel,hot,hot_microkernel,16,64,2048,"SME 1x4AccKc [amort]","16x64, zero+store amort",1.938625,1.942728,1.931500,0.010309,154,2089.036,2007.771,NA,NA,0.000000e+00,0.000000e+00,0.000000e+00,PASS
hot_microkernel,hot,hot_microkernel,32,32,2048,"KAI 2VL","32x32 tile",1.987000,1.990651,1.978083,0.011115,151,2152.763,1948.335,NA,NA,0.000000e+00,0.000000e+00,0.000000e+00,PASS
hot_microkernel,hot,hot_microkernel,16,16,2048,"KAI 8VS","16x16 tile",1.780041,1.822041,1.753500,0.081696,169,567.253,1848.514,NA,NA,4.768372e-05,9.017850e-07,0.000000e+00,PASS
zero_only,square,zero_only,256,256,256,"memset C","",0.002042,0.002047,0.002000,0.000017,51,NA,16432.141,NA,NA,0.000000e+00,0.000000e+00,0.000000e+00,PASS
end_to_end,square,end_to_end,256,256,256,"SME 4x1","C+=A*B, memset timed",0.052500,0.052697,0.052416,0.000890,151,NA,639.132,NA,NA,0.000000e+00,0.000000e+00,2.247812e-06,PASS
end_to_end,square,end_to_end,256,256,256,"SME 2x2","C+=A*B, memset timed",0.049500,0.049603,0.049417,0.000569,151,NA,677.867,NA,NA,0.000000e+00,0.000000e+00,2.247812e-06,PASS
end_to_end,square,end_to_end,256,256,256,"SME 1x4","C+=A*B, memset timed",0.051917,0.052140,0.051750,0.001116,151,NA,646.309,NA,NA,0.000000e+00,0.000000e+00,2.247812e-06,PASS
end_to_end,square,end_to_end,256,256,256,"SME 1x4sym","C+=A*B, memset timed",0.051917,0.052224,0.051834,0.000721,151,NA,646.309,NA,NA,0.000000e+00,0.000000e+00,2.247812e-06,PASS
end_to_end,square,end_to_end,256,256,256,"SME 4x1ZP","C+=A*B, memset timed",0.049625,0.049917,0.049541,0.000928,151,NA,676.160,NA,NA,0.000000e+00,0.000000e+00,2.247812e-06,PASS
end_to_end,square,end_to_end,256,256,256,"SME 1x4ZAIO","C+=A*B, memset timed",0.060458,0.060982,0.060375,0.001527,151,NA,555.004,NA,NA,0.000000e+00,0.000000e+00,2.247812e-06,PASS
end_to_end,square,end_to_end,256,256,256,"SME 1x4Acc","C=A*B, no memset",0.023958,0.023991,0.023916,0.000269,151,NA,1400.552,NA,NA,0.000000e+00,0.000000e+00,2.247812e-06,PASS
end_to_end,square,end_to_end,256,256,256,"SME 1x4AccKc","C=A*B, no memset",0.024000,0.024333,0.023916,0.001377,151,NA,1398.101,NA,NA,0.000000e+00,0.000000e+00,2.247812e-06,PASS
end_to_end,square,end_to_end,256,256,256,"KAI 2VL","",0.028209,0.028261,0.027500,0.000455,151,NA,1189.494,NA,NA,0.000000e+00,0.000000e+00,2.247812e-06,PASS
end_to_end,square,end_to_end,256,256,256,"KAI 8VS","",0.026250,0.026177,0.022083,0.000953,151,NA,1278.264,NA,NA,0.000000e+00,0.000000e+00,2.247812e-06,PASS
end_to_end,square,end_to_end,256,256,256,"Accelerate","",0.018792,0.019028,0.018750,0.001018,151,NA,1785.570,NA,NA,0.000000e+00,0.000000e+00,2.247812e-06,PASS
prepacked_full_gemm,square,kernel_only,256,256,256,"SME 4x1","C+=A*B, memset timed",0.044958,0.045012,0.044875,0.000304,151,NA,746.351,NA,NA,0.000000e+00,0.000000e+00,2.247812e-06,PASS
prepacked_full_gemm,square,kernel_only,256,256,256,"SME 2x2","C+=A*B, memset timed",0.045167,0.045715,0.044625,0.001635,151,NA,742.897,NA,NA,0.000000e+00,0.000000e+00,2.247812e-06,PASS
prepacked_full_gemm,square,kernel_only,256,256,256,"SME 1x4","C+=A*B, memset timed",0.044958,0.045078,0.044542,0.000852,151,NA,746.351,NA,NA,0.000000e+00,0.000000e+00,2.247812e-06,PASS
prepacked_full_gemm,square,kernel_only,256,256,256,"SME 1x4sym","C+=A*B, memset timed",0.044917,0.045049,0.044500,0.000492,151,NA,747.032,NA,NA,0.000000e+00,0.000000e+00,2.247812e-06,PASS
prepacked_full_gemm,square,kernel_only,256,256,256,"SME 4x1ZP","C+=A*B, memset timed",0.044958,0.045035,0.044125,0.000517,151,NA,746.351,NA,NA,0.000000e+00,0.000000e+00,2.247812e-06,PASS
prepacked_full_gemm,square,kernel_only,256,256,256,"SME 1x4Acc","C=A*B, no memset",0.019917,0.019921,0.019875,0.000034,151,NA,1684.713,NA,NA,0.000000e+00,0.000000e+00,2.247812e-06,PASS
prepacked_full_gemm,square,kernel_only,256,256,256,"SME 1x4AccKc","C=A*B, no memset",0.019917,0.020043,0.019833,0.000837,151,NA,1684.713,NA,NA,0.000000e+00,0.000000e+00,2.247812e-06,PASS
prepacked_full_gemm,square,kernel_only,256,256,256,"KAI 2VL","",0.019375,0.019420,0.019333,0.000387,151,NA,1731.842,NA,NA,0.000000e+00,0.000000e+00,2.247812e-06,PASS
prepacked_full_gemm,square,kernel_only,256,256,256,"KAI 8VS","",0.017042,0.017198,0.017000,0.000889,151,NA,1968.926,NA,NA,0.000000e+00,0.000000e+00,2.247812e-06,PASS
panel_blocked,square,end_to_end,256,256,256,"KAIpanel 2VL","Mc=256 Kc=2048 Nc=512",0.028958,0.028946,0.025750,0.000502,151,NA,1158.728,0.004751,0.023250,0.000000e+00,0.000000e+00,2.247812e-06,PASS
panel_blocked,square,end_to_end,256,256,256,"KAIpanel 8VS","Mc=256 Kc=256 Nc=256",0.026333,0.026249,0.022750,0.000470,151,NA,1274.235,0.005167,0.020417,0.000000e+00,0.000000e+00,2.247812e-06,PASS
ggml_cpu,square,end_to_end,256,256,256,"llama-native","graph exec, default buft",0.799917,0.801954,0.794167,0.007617,101,NA,41.947,NA,NA,1.525879e-05,3.029652e-07,1.290962e-06,PASS
ggml_cpu,square,end_to_end,256,256,256,"llama-native+setup","graph rebuild+exec",0.805500,0.808036,0.799166,0.007353,101,NA,41.657,NA,NA,1.525879e-05,3.029652e-07,1.290962e-06,PASS
ggml_cpu,square,end_to_end,256,256,256,"llama-kleidiai","graph exec, CPU_KLEIDIAI buft",0.029458,0.029571,0.028875,0.000603,101,NA,1139.060,NA,NA,0.000000e+00,0.000000e+00,2.247812e-06,PASS
ggml_cpu,square,end_to_end,256,256,256,"llama-kleidiai+setup","graph rebuild+exec",0.033084,0.033542,0.032458,0.002686,101,NA,1014.219,NA,NA,0.000000e+00,0.000000e+00,2.247812e-06,PASS
zero_only,square,zero_only,512,512,512,"memset C","",0.007334,0.007347,0.007292,0.000030,51,NA,36601.507,NA,NA,0.000000e+00,0.000000e+00,0.000000e+00,PASS
end_to_end,square,end_to_end,512,512,512,"SME 4x1","C+=A*B, memset timed",0.260917,0.261687,0.260791,0.001872,151,NA,1028.816,NA,NA,0.000000e+00,0.000000e+00,6.646435e-06,PASS
end_to_end,square,end_to_end,512,512,512,"SME 2x2","C+=A*B, memset timed",0.248500,0.249363,0.248333,0.002705,151,NA,1080.223,NA,NA,0.000000e+00,0.000000e+00,6.646435e-06,PASS
end_to_end,square,end_to_end,512,512,512,"SME 1x4","C+=A*B, memset timed",0.262750,0.263916,0.262541,0.002220,151,NA,1021.638,NA,NA,0.000000e+00,0.000000e+00,6.646435e-06,PASS
end_to_end,square,end_to_end,512,512,512,"SME 1x4sym","C+=A*B, memset timed",0.259292,0.260411,0.259166,0.002791,151,NA,1035.263,NA,NA,0.000000e+00,0.000000e+00,6.646435e-06,PASS
end_to_end,square,end_to_end,512,512,512,"SME 4x1ZP","C+=A*B, memset timed",0.248584,0.249843,0.248417,0.003125,151,NA,1079.858,NA,NA,0.000000e+00,0.000000e+00,6.646435e-06,PASS
end_to_end,square,end_to_end,512,512,512,"SME 1x4ZAIO","C+=A*B, memset timed",0.298584,0.299118,0.298125,0.001492,151,NA,899.028,NA,NA,0.000000e+00,0.000000e+00,6.646435e-06,PASS
end_to_end,square,end_to_end,512,512,512,"SME 1x4Acc","C=A*B, no memset",0.161750,0.161983,0.161583,0.000817,151,NA,1659.570,NA,NA,0.000000e+00,0.000000e+00,6.646435e-06,PASS
end_to_end,square,end_to_end,512,512,512,"SME 1x4AccKc","C=A*B, no memset",0.161709,0.162401,0.161625,0.002066,151,NA,1659.991,NA,NA,0.000000e+00,0.000000e+00,6.646435e-06,PASS
end_to_end,square,end_to_end,512,512,512,"KAI 2VL","",0.163541,0.165293,0.162708,0.003869,151,NA,1641.395,NA,NA,0.000000e+00,0.000000e+00,6.646435e-06,PASS
end_to_end,square,end_to_end,512,512,512,"KAI 8VS","",0.156959,0.157799,0.156125,0.002124,151,NA,1710.227,NA,NA,0.000000e+00,0.000000e+00,6.646435e-06,PASS
end_to_end,square,end_to_end,512,512,512,"Accelerate","",0.151333,0.151673,0.146666,0.003605,151,NA,1773.806,NA,NA,0.000000e+00,0.000000e+00,6.646435e-06,PASS
prepacked_full_gemm,square,kernel_only,512,512,512,"SME 4x1","C+=A*B, memset timed",0.232209,0.233587,0.231625,0.002690,151,NA,1156.008,NA,NA,0.000000e+00,0.000000e+00,6.646435e-06,PASS
prepacked_full_gemm,square,kernel_only,512,512,512,"SME 2x2","C+=A*B, memset timed",0.232417,0.233957,0.231875,0.002686,151,NA,1154.973,NA,NA,0.000000e+00,0.000000e+00,6.646435e-06,PASS
prepacked_full_gemm,square,kernel_only,512,512,512,"SME 1x4","C+=A*B, memset timed",0.235458,0.236341,0.234833,0.002136,151,NA,1140.057,NA,NA,0.000000e+00,0.000000e+00,6.646435e-06,PASS
prepacked_full_gemm,square,kernel_only,512,512,512,"SME 1x4sym","C+=A*B, memset timed",0.232209,0.233316,0.231625,0.002967,151,NA,1156.008,NA,NA,0.000000e+00,0.000000e+00,6.646435e-06,PASS
prepacked_full_gemm,square,kernel_only,512,512,512,"SME 4x1ZP","C+=A*B, memset timed",0.232291,0.233907,0.231625,0.003027,151,NA,1155.600,NA,NA,0.000000e+00,0.000000e+00,6.646435e-06,PASS
prepacked_full_gemm,square,kernel_only,512,512,512,"SME 1x4Acc","C=A*B, no memset",0.146334,0.147361,0.146250,0.002217,151,NA,1834.403,NA,NA,0.000000e+00,0.000000e+00,6.646435e-06,PASS
prepacked_full_gemm,square,kernel_only,512,512,512,"SME 1x4AccKc","C=A*B, no memset",0.146334,0.147850,0.146250,0.002870,151,NA,1834.403,NA,NA,0.000000e+00,0.000000e+00,6.646435e-06,PASS
prepacked_full_gemm,square,kernel_only,512,512,512,"KAI 2VL","",0.143958,0.145551,0.143875,0.003108,151,NA,1864.679,NA,NA,0.000000e+00,0.000000e+00,6.646435e-06,PASS
prepacked_full_gemm,square,kernel_only,512,512,512,"KAI 8VS","",0.135375,0.136581,0.135000,0.002426,151,NA,1982.903,NA,NA,0.000000e+00,0.000000e+00,6.646435e-06,PASS
panel_blocked,square,end_to_end,512,512,512,"KAIpanel 2VL","Mc=256 Kc=2048 Nc=512",0.166125,0.166935,0.165125,0.002148,151,NA,1615.864,0.016542,0.148376,0.000000e+00,0.000000e+00,6.646435e-06,PASS
panel_blocked,square,end_to_end,512,512,512,"KAIpanel 8VS","Mc=512 Kc=2048 Nc=512",0.157292,0.157643,0.156500,0.000964,151,NA,1706.606,0.020459,0.135875,0.000000e+00,0.000000e+00,6.646435e-06,PASS
ggml_cpu,square,end_to_end,512,512,512,"llama-native","graph exec, default buft",6.119458,6.127197,6.091500,0.024823,57,NA,43.866,NA,NA,3.051758e-05,4.231463e-07,1.436004e-06,PASS
ggml_cpu,square,end_to_end,512,512,512,"llama-native+setup","graph rebuild+exec",6.124583,6.132517,6.096583,0.031046,58,NA,43.829,NA,NA,3.051758e-05,4.231463e-07,1.436004e-06,PASS
ggml_cpu,square,end_to_end,512,512,512,"llama-kleidiai","graph exec, CPU_KLEIDIAI buft",0.161375,0.162219,0.160375,0.003159,101,NA,1663.427,NA,NA,0.000000e+00,0.000000e+00,6.646435e-06,PASS
ggml_cpu,square,end_to_end,512,512,512,"llama-kleidiai+setup","graph rebuild+exec",0.164875,0.166104,0.164042,0.002990,101,NA,1628.115,NA,NA,0.000000e+00,0.000000e+00,6.646435e-06,PASS
zero_only,square,zero_only,1024,1024,1024,"memset C","",0.033167,0.033491,0.033041,0.000728,51,NA,64747.600,NA,NA,0.000000e+00,0.000000e+00,0.000000e+00,PASS
end_to_end,square,end_to_end,1024,1024,1024,"SME 4x1","C+=A*B, memset timed",1.729666,1.736251,1.634208,0.054723,151,NA,1241.560,NA,NA,0.000000e+00,0.000000e+00,1.273505e-05,PASS
end_to_end,square,end_to_end,1024,1024,1024,"SME 2x2","C+=A*B, memset timed",1.635209,1.658058,1.626958,0.050407,151,NA,1313.278,NA,NA,0.000000e+00,0.000000e+00,1.273505e-05,PASS
end_to_end,square,end_to_end,1024,1024,1024,"SME 1x4","C+=A*B, memset timed",1.751542,1.761649,1.689959,0.064278,151,NA,1226.053,NA,NA,0.000000e+00,0.000000e+00,1.273505e-05,PASS
end_to_end,square,end_to_end,1024,1024,1024,"SME 1x4sym","C+=A*B, memset timed",1.738834,1.753331,1.651666,0.070631,151,NA,1235.014,NA,NA,0.000000e+00,0.000000e+00,1.273505e-05,PASS
end_to_end,square,end_to_end,1024,1024,1024,"SME 4x1ZP","C+=A*B, memset timed",1.636000,1.645674,1.597709,0.044020,151,NA,1312.643,NA,NA,0.000000e+00,0.000000e+00,1.273505e-05,PASS
end_to_end,square,end_to_end,1024,1024,1024,"SME 1x4ZAIO","C+=A*B, memset timed",1.804625,1.818511,1.789000,0.036233,151,NA,1189.989,NA,NA,0.000000e+00,0.000000e+00,1.273505e-05,PASS
end_to_end,square,end_to_end,1024,1024,1024,"SME 1x4Acc","C=A*B, no memset",1.211375,1.222908,1.203959,0.033644,151,NA,1772.765,NA,NA,0.000000e+00,0.000000e+00,1.273505e-05,PASS
end_to_end,square,end_to_end,1024,1024,1024,"SME 1x4AccKc","C=A*B, no memset",1.235250,1.252630,1.210958,0.047437,151,NA,1738.501,NA,NA,0.000000e+00,0.000000e+00,1.273505e-05,PASS
end_to_end,square,end_to_end,1024,1024,1024,"KAI 2VL","",1.341500,1.345516,1.283667,0.038479,151,NA,1600.808,NA,NA,0.000000e+00,0.000000e+00,1.273505e-05,PASS
end_to_end,square,end_to_end,1024,1024,1024,"KAI 8VS","",1.341125,1.345011,1.275000,0.064990,151,NA,1601.255,NA,NA,0.000000e+00,0.000000e+00,1.273505e-05,PASS
end_to_end,square,end_to_end,1024,1024,1024,"Accelerate","",1.276208,1.280498,1.268708,0.013613,151,NA,1682.707,NA,NA,0.000000e+00,0.000000e+00,1.273505e-05,PASS
prepacked_full_gemm,square,kernel_only,1024,1024,1024,"SME 4x1","C+=A*B, memset timed",1.471541,1.480716,1.456750,0.030297,151,NA,1459.343,NA,NA,0.000000e+00,0.000000e+00,1.273505e-05,PASS
prepacked_full_gemm,square,kernel_only,1024,1024,1024,"SME 2x2","C+=A*B, memset timed",1.473208,1.484124,1.457417,0.037601,151,NA,1457.692,NA,NA,0.000000e+00,0.000000e+00,1.273505e-05,PASS
prepacked_full_gemm,square,kernel_only,1024,1024,1024,"SME 1x4","C+=A*B, memset timed",1.517917,1.528074,1.510292,0.026195,151,NA,1414.757,NA,NA,0.000000e+00,0.000000e+00,1.273505e-05,PASS
prepacked_full_gemm,square,kernel_only,1024,1024,1024,"SME 1x4sym","C+=A*B, memset timed",1.464500,1.473486,1.458458,0.021908,151,NA,1466.360,NA,NA,0.000000e+00,0.000000e+00,1.273505e-05,PASS
prepacked_full_gemm,square,kernel_only,1024,1024,1024,"SME 4x1ZP","C+=A*B, memset timed",1.477708,1.493806,1.456041,0.043465,151,NA,1453.253,NA,NA,0.000000e+00,0.000000e+00,1.273505e-05,PASS
prepacked_full_gemm,square,kernel_only,1024,1024,1024,"SME 1x4Acc","C=A*B, no memset",1.124542,1.126695,1.118416,0.008154,151,NA,1909.652,NA,NA,0.000000e+00,0.000000e+00,1.273505e-05,PASS
prepacked_full_gemm,square,kernel_only,1024,1024,1024,"SME 1x4AccKc","C=A*B, no memset",1.125292,1.143254,1.118542,0.037990,151,NA,1908.379,NA,NA,0.000000e+00,0.000000e+00,1.273505e-05,PASS
prepacked_full_gemm,square,kernel_only,1024,1024,1024,"KAI 2VL","",1.114208,1.115972,1.108875,0.009820,151,NA,1927.363,NA,NA,0.000000e+00,0.000000e+00,1.273505e-05,PASS
prepacked_full_gemm,square,kernel_only,1024,1024,1024,"KAI 8VS","",1.106667,1.108093,1.103167,0.007605,151,NA,1940.497,NA,NA,0.000000e+00,0.000000e+00,1.273505e-05,PASS
panel_blocked,square,end_to_end,1024,1024,1024,"KAIpanel 2VL","Mc=64 Kc=2048 Nc=512",1.233542,1.247651,1.225791,0.048073,151,NA,1740.908,0.106669,1.128542,0.000000e+00,0.000000e+00,1.273505e-05,PASS
panel_blocked,square,end_to_end,1024,1024,1024,"KAIpanel 8VS","Mc=64 Kc=2048 Nc=1024",1.211667,1.217379,1.190584,0.026346,151,NA,1772.338,0.091712,1.110083,0.000000e+00,0.000000e+00,1.273505e-05,PASS
ggml_cpu,square,end_to_end,1024,1024,1024,"llama-native","graph exec, default buft",50.522584,50.548970,50.381208,0.141103,7,NA,42.505,NA,NA,7.247925e-05,5.952732e-07,3.050344e-06,PASS
ggml_cpu,square,end_to_end,1024,1024,1024,"llama-native+setup","graph rebuild+exec",50.638875,50.685821,50.358041,0.220587,7,NA,42.408,NA,NA,7.247925e-05,5.952732e-07,3.050344e-06,PASS
ggml_cpu,square,end_to_end,1024,1024,1024,"llama-kleidiai","graph exec, CPU_KLEIDIAI buft",1.177250,1.186708,1.170083,0.021375,101,NA,1824.153,NA,NA,0.000000e+00,0.000000e+00,1.273505e-05,PASS
ggml_cpu,square,end_to_end,1024,1024,1024,"llama-kleidiai+setup","graph rebuild+exec",1.193208,1.203030,1.174959,0.029746,101,NA,1799.756,NA,NA,0.000000e+00,0.000000e+00,1.273505e-05,PASS
zero_only,square,zero_only,2048,2048,2048,"memset C","",0.161417,0.157702,0.135791,0.011648,51,NA,106431.598,NA,NA,0.000000e+00,0.000000e+00,0.000000e+00,PASS
end_to_end,square,end_to_end,2048,2048,2048,"SME 4x1","C+=A*B, memset timed",13.514500,13.635452,13.340792,0.264032,25,NA,1271.218,NA,NA,0.000000e+00,0.000000e+00,6.556731e-05,PASS
end_to_end,square,end_to_end,2048,2048,2048,"SME 2x2","C+=A*B, memset timed",15.725875,15.693764,15.170417,0.274438,23,NA,1092.459,NA,NA,1.525879e-04,7.691876e-07,1.675141e-05,PASS
end_to_end,square,end_to_end,2048,2048,2048,"SME 1x4","C+=A*B, memset timed",15.554208,15.583091,13.249458,1.415573,27,NA,1104.516,NA,NA,0.000000e+00,0.000000e+00,6.556731e-05,PASS
end_to_end,square,end_to_end,2048,2048,2048,"SME 1x4sym","C+=A*B, memset timed",13.897666,13.856381,12.870583,0.759977,27,NA,1236.169,NA,NA,0.000000e+00,0.000000e+00,6.556731e-05,PASS
end_to_end,square,end_to_end,2048,2048,2048,"SME 4x1ZP","C+=A*B, memset timed",15.562271,15.539915,14.963959,0.216185,24,NA,1103.944,NA,NA,1.525879e-04,7.691876e-07,1.675141e-05,PASS
end_to_end,square,end_to_end,2048,2048,2048,"SME 1x4ZAIO","C+=A*B, memset timed",13.367833,13.447563,12.706500,0.562548,28,NA,1285.165,NA,NA,0.000000e+00,0.000000e+00,6.556731e-05,PASS
end_to_end,square,end_to_end,2048,2048,2048,"SME 1x4Acc","C=A*B, no memset",12.067417,12.102352,11.063291,0.966659,29,NA,1423.658,NA,NA,0.000000e+00,0.000000e+00,6.556731e-05,PASS
end_to_end,square,end_to_end,2048,2048,2048,"SME 1x4AccKc","C=A*B, no memset",11.487875,11.910815,11.055416,0.884480,27,NA,1495.478,NA,NA,0.000000e+00,0.000000e+00,6.556731e-05,PASS
end_to_end,square,end_to_end,2048,2048,2048,"KAI 2VL","",10.507042,10.571139,10.449083,0.130093,34,NA,1635.081,NA,NA,0.000000e+00,0.000000e+00,6.556731e-05,PASS
end_to_end,square,end_to_end,2048,2048,2048,"KAI 8VS","",10.945709,11.012865,10.888708,0.137145,33,NA,1569.553,NA,NA,0.000000e+00,0.000000e+00,6.556731e-05,PASS
end_to_end,square,end_to_end,2048,2048,2048,"Accelerate","",10.833270,10.881059,10.681042,0.160000,32,NA,1585.843,NA,NA,0.000000e+00,0.000000e+00,6.556731e-05,PASS
prepacked_full_gemm,square,kernel_only,2048,2048,2048,"SME 4x1","C+=A*B, memset timed",11.279500,11.329609,11.214916,0.109722,31,NA,1523.106,NA,NA,0.000000e+00,0.000000e+00,6.556731e-05,PASS
prepacked_full_gemm,square,kernel_only,2048,2048,2048,"SME 2x2","C+=A*B, memset timed",13.358958,13.353964,13.033958,0.154377,27,NA,1286.019,NA,NA,1.525879e-04,7.691876e-07,1.675141e-05,PASS
prepacked_full_gemm,square,kernel_only,2048,2048,2048,"SME 1x4","C+=A*B, memset timed",12.552042,12.613702,12.254667,0.320332,28,NA,1368.691,NA,NA,0.000000e+00,0.000000e+00,6.556731e-05,PASS
prepacked_full_gemm,square,kernel_only,2048,2048,2048,"SME 1x4sym","C+=A*B, memset timed",11.435833,11.489484,11.345792,0.176007,31,NA,1502.284,NA,NA,0.000000e+00,0.000000e+00,6.556731e-05,PASS
prepacked_full_gemm,square,kernel_only,2048,2048,2048,"SME 4x1ZP","C+=A*B, memset timed",13.219666,13.189867,13.006541,0.100875,27,NA,1299.569,NA,NA,1.525879e-04,7.691876e-07,1.675141e-05,PASS
prepacked_full_gemm,square,kernel_only,2048,2048,2048,"SME 1x4Acc","C=A*B, no memset",9.466541,9.506198,9.421209,0.084380,37,NA,1814.799,NA,NA,0.000000e+00,0.000000e+00,6.556731e-05,PASS
prepacked_full_gemm,square,kernel_only,2048,2048,2048,"SME 1x4AccKc","C=A*B, no memset",9.457876,9.481918,9.407291,0.081764,38,NA,1816.462,NA,NA,0.000000e+00,0.000000e+00,6.556731e-05,PASS
prepacked_full_gemm,square,kernel_only,2048,2048,2048,"KAI 2VL","",9.246979,9.294663,9.203958,0.088862,38,NA,1857.890,NA,NA,0.000000e+00,0.000000e+00,6.556731e-05,PASS
prepacked_full_gemm,square,kernel_only,2048,2048,2048,"KAI 8VS","",9.377688,9.407360,9.318166,0.076061,38,NA,1831.994,NA,NA,0.000000e+00,0.000000e+00,6.556731e-05,PASS
panel_blocked,square,end_to_end,2048,2048,2048,"KAIpanel 2VL","Mc=256 Kc=2048 Nc=512",10.909979,10.931914,10.743000,0.146198,32,NA,1574.693,1.998003,8.873330,0.000000e+00,0.000000e+00,6.556731e-05,PASS
panel_blocked,square,end_to_end,2048,2048,2048,"KAIpanel 8VS","Mc=64 Kc=2048 Nc=512",11.896895,11.966365,11.595459,0.280582,30,NA,1444.063,3.305124,8.959584,0.000000e+00,0.000000e+00,6.556731e-05,PASS
ggml_cpu,square,end_to_end,2048,2048,2048,"llama-native","graph exec, default buft",469.784333,469.737450,469.015083,0.555909,5,NA,36.570,NA,NA,1.449585e-04,8.400465e-07,9.470100e-06,PASS
ggml_cpu,square,end_to_end,2048,2048,2048,"llama-native+setup","graph rebuild+exec",470.069667,469.809850,468.772666,0.731997,5,NA,36.547,NA,NA,1.449585e-04,8.400465e-07,9.470100e-06,PASS
ggml_cpu,square,end_to_end,2048,2048,2048,"llama-kleidiai","graph exec, CPU_KLEIDIAI buft",16.895021,17.127121,16.598541,0.562572,22,NA,1016.860,NA,NA,0.000000e+00,0.000000e+00,6.556731e-05,PASS
ggml_cpu,square,end_to_end,2048,2048,2048,"llama-kleidiai+setup","graph rebuild+exec",16.846000,17.012978,16.617541,0.381009,21,NA,1019.819,NA,NA,0.000000e+00,0.000000e+00,6.556731e-05,PASS
zero_only,square,zero_only,4096,4096,4096,"memset C","",0.574500,0.576712,0.562541,0.008426,51,NA,239232.295,NA,NA,0.000000e+00,0.000000e+00,0.000000e+00,PASS
end_to_end,square,end_to_end,4096,4096,4096,"SME 4x1","C+=A*B, memset timed",111.078084,111.347155,110.799958,0.741708,7,NA,1237.318,NA,NA,3.509521e-04,1.091259e-06,4.955905e-05,PASS
end_to_end,square,end_to_end,4096,4096,4096,"SME 2x2","C+=A*B, memset timed",127.423375,127.714024,126.920333,0.640292,7,NA,1078.601,NA,NA,3.509521e-04,1.194718e-06,2.551327e-05,PASS
end_to_end,square,end_to_end,4096,4096,4096,"SME 1x4","C+=A*B, memset timed",107.891250,108.671167,106.285375,2.510207,7,NA,1273.866,NA,NA,3.509521e-04,1.091259e-06,4.955905e-05,PASS
end_to_end,square,end_to_end,4096,4096,4096,"SME 1x4sym","C+=A*B, memset timed",103.985458,103.901506,101.544333,1.885011,7,NA,1321.713,NA,NA,3.509521e-04,1.091259e-06,4.955905e-05,PASS
end_to_end,square,end_to_end,4096,4096,4096,"SME 4x1ZP","C+=A*B, memset timed",127.920708,127.986066,127.697959,0.203699,7,NA,1074.407,NA,NA,3.509521e-04,1.194718e-06,2.551327e-05,PASS
end_to_end,square,end_to_end,4096,4096,4096,"SME 1x4ZAIO","C+=A*B, memset timed",131.026625,129.993351,120.051583,4.820215,7,NA,1048.939,NA,NA,0.000000e+00,0.000000e+00,5.874831e-05,PASS
end_to_end,square,end_to_end,4096,4096,4096,"SME 1x4Acc","C=A*B, no memset",117.364500,114.371619,105.801667,5.980596,7,NA,1171.044,NA,NA,0.000000e+00,0.000000e+00,5.874831e-05,PASS
end_to_end,square,end_to_end,4096,4096,4096,"SME 1x4AccKc","C=A*B, no memset",115.351500,115.935917,107.347375,4.606667,7,NA,1191.480,NA,NA,0.000000e+00,0.000000e+00,5.874831e-05,PASS
end_to_end,square,end_to_end,4096,4096,4096,"KAI 2VL","",84.018875,84.033697,83.458417,0.498791,7,NA,1635.810,NA,NA,0.000000e+00,0.000000e+00,5.874831e-05,PASS
end_to_end,square,end_to_end,4096,4096,4096,"KAI 8VS","",86.012084,85.832613,85.188959,0.460654,7,NA,1597.903,NA,NA,0.000000e+00,0.000000e+00,5.874831e-05,PASS
end_to_end,square,end_to_end,4096,4096,4096,"Accelerate","",89.165292,89.264327,88.477458,0.840857,7,NA,1541.395,NA,NA,0.000000e+00,0.000000e+00,5.874831e-05,PASS
prepacked_full_gemm,square,kernel_only,4096,4096,4096,"SME 4x1","C+=A*B, memset timed",91.127708,91.293756,90.742250,0.511334,7,NA,1508.202,NA,NA,3.509521e-04,1.091259e-06,4.955905e-05,PASS
prepacked_full_gemm,square,kernel_only,4096,4096,4096,"SME 2x2","C+=A*B, memset timed",108.160833,108.148601,108.084000,0.044663,7,NA,1270.691,NA,NA,3.509521e-04,1.194718e-06,2.551327e-05,PASS
prepacked_full_gemm,square,kernel_only,4096,4096,4096,"SME 1x4","C+=A*B, memset timed",96.925000,97.550464,96.222417,1.290777,7,NA,1417.993,NA,NA,3.509521e-04,1.091259e-06,4.955905e-05,PASS
prepacked_full_gemm,square,kernel_only,4096,4096,4096,"SME 1x4sym","C+=A*B, memset timed",93.628583,94.057428,92.126917,1.632195,7,NA,1467.917,NA,NA,3.509521e-04,1.091259e-06,4.955905e-05,PASS
prepacked_full_gemm,square,kernel_only,4096,4096,4096,"SME 4x1ZP","C+=A*B, memset timed",106.948333,106.842357,106.643000,0.158955,7,NA,1285.097,NA,NA,3.509521e-04,1.194718e-06,2.551327e-05,PASS
prepacked_full_gemm,square,kernel_only,4096,4096,4096,"SME 1x4Acc","C=A*B, no memset",127.416250,130.810964,124.114125,7.452150,7,NA,1078.661,NA,NA,0.000000e+00,0.000000e+00,5.874831e-05,PASS
prepacked_full_gemm,square,kernel_only,4096,4096,4096,"SME 1x4AccKc","C=A*B, no memset",137.498458,135.605143,123.325584,8.043459,7,NA,999.567,NA,NA,0.000000e+00,0.000000e+00,5.874831e-05,PASS
prepacked_full_gemm,square,kernel_only,4096,4096,4096,"KAI 2VL","",78.599875,78.585750,77.906958,0.453464,7,NA,1748.590,NA,NA,0.000000e+00,0.000000e+00,5.874831e-05,PASS
prepacked_full_gemm,square,kernel_only,4096,4096,4096,"KAI 8VS","",78.978834,79.133375,77.956166,1.192738,7,NA,1740.200,NA,NA,0.000000e+00,0.000000e+00,5.874831e-05,PASS
panel_blocked,square,end_to_end,4096,4096,4096,"KAIpanel 2VL","Mc=256 Kc=4096 Nc=512",93.001541,93.066143,92.591584,0.443360,7,NA,1477.814,16.296839,76.714373,0.000000e+00,0.000000e+00,5.874831e-05,PASS
panel_blocked,square,end_to_end,4096,4096,4096,"KAIpanel 8VS","Mc=64 Kc=4096 Nc=512",99.014417,99.155036,98.375541,0.914443,7,NA,1388.070,23.929293,76.325870,0.000000e+00,0.000000e+00,5.874831e-05,PASS
ggml_cpu,square,end_to_end,4096,4096,4096,"llama-native","graph exec, default buft",3858.704209,3859.273600,3857.587291,1.883304,5,NA,35.618,NA,NA,3.585815e-04,1.189551e-06,2.046855e-05,PASS
ggml_cpu,square,end_to_end,4096,4096,4096,"llama-native+setup","graph rebuild+exec",3857.791000,3857.510292,3856.240417,0.830616,5,NA,35.626,NA,NA,3.585815e-04,1.189551e-06,2.046855e-05,PASS
ggml_cpu,square,end_to_end,4096,4096,4096,"llama-kleidiai","graph exec, CPU_KLEIDIAI buft",152.482417,152.360092,150.009417,1.555932,5,NA,901.343,NA,NA,0.000000e+00,0.000000e+00,5.874831e-05,PASS
ggml_cpu,square,end_to_end,4096,4096,4096,"llama-kleidiai+setup","graph rebuild+exec",152.371208,152.287667,150.953834,0.809276,5,NA,902.001,NA,NA,0.000000e+00,0.000000e+00,5.874831e-05,PASS
zero_only,large_k,zero_only,64,512,8192,"memset C","",0.000875,0.000870,0.000792,0.000016,51,NA,613566.757,NA,NA,0.000000e+00,0.000000e+00,0.000000e+00,PASS
end_to_end,large_k,end_to_end,64,512,8192,"SME 4x1","C+=A*B, memset timed",0.717750,0.724867,0.699250,0.021093,151,NA,747.992,NA,NA,4.348755e-04,1.681734e-06,4.106339e-05,PASS
end_to_end,large_k,end_to_end,64,512,8192,"SME 2x2","C+=A*B, memset timed",0.681541,0.692916,0.673750,0.039601,151,NA,787.731,NA,NA,4.577637e-04,1.686416e-06,4.640860e-05,PASS
end_to_end,large_k,end_to_end,64,512,8192,"SME 1x4","C+=A*B, memset timed",0.678709,0.682060,0.644125,0.024539,151,NA,791.018,NA,NA,4.348755e-04,1.681734e-06,4.106339e-05,PASS
end_to_end,large_k,end_to_end,64,512,8192,"SME 1x4sym","C+=A*B, memset timed",0.666375,0.669159,0.631917,0.029433,151,NA,805.659,NA,NA,4.348755e-04,1.681734e-06,4.106339e-05,PASS
end_to_end,large_k,end_to_end,64,512,8192,"SME 4x1ZP","C+=A*B, memset timed",0.711834,0.719840,0.696667,0.023165,151,NA,754.208,NA,NA,4.577637e-04,1.686416e-06,4.640860e-05,PASS
end_to_end,large_k,end_to_end,64,512,8192,"SME 1x4ZAIO","C+=A*B, memset timed",0.758792,0.773602,0.730167,0.043867,151,NA,707.534,NA,NA,0.000000e+00,0.000000e+00,1.943113e-04,PASS
end_to_end,large_k,end_to_end,64,512,8192,"SME 1x4Acc","C=A*B, no memset",0.717667,0.718554,0.642791,0.050092,151,NA,748.078,NA,NA,0.000000e+00,0.000000e+00,1.943113e-04,PASS
end_to_end,large_k,end_to_end,64,512,8192,"SME 1x4AccKc","C=A*B, no memset",0.676917,0.691741,0.615208,0.055544,151,NA,793.112,NA,NA,0.000000e+00,0.000000e+00,1.943113e-04,PASS
end_to_end,large_k,end_to_end,64,512,8192,"KAI 2VL","",1.024916,1.036110,0.977583,0.047100,151,NA,523.819,NA,NA,0.000000e+00,0.000000e+00,1.943113e-04,PASS
end_to_end,large_k,end_to_end,64,512,8192,"KAI 8VS","",1.069000,1.073664,1.019417,0.040829,151,NA,502.218,NA,NA,0.000000e+00,0.000000e+00,1.943113e-04,PASS
end_to_end,large_k,end_to_end,64,512,8192,"Accelerate","",0.555667,0.560333,0.544042,0.018530,151,NA,966.174,NA,NA,0.000000e+00,0.000000e+00,1.943113e-04,PASS
prepacked_full_gemm,large_k,kernel_only,64,512,8192,"SME 4x1","C+=A*B, memset timed",0.463625,0.470772,0.407916,0.049708,151,NA,1157.985,NA,NA,4.348755e-04,1.681734e-06,4.106339e-05,PASS
prepacked_full_gemm,large_k,kernel_only,64,512,8192,"SME 2x2","C+=A*B, memset timed",0.555792,0.563873,0.544209,0.020556,151,NA,965.957,NA,NA,4.577637e-04,1.686416e-06,4.640860e-05,PASS
prepacked_full_gemm,large_k,kernel_only,64,512,8192,"SME 1x4","C+=A*B, memset timed",0.509542,0.513462,0.504666,0.013001,151,NA,1053.634,NA,NA,4.348755e-04,1.681734e-06,4.106339e-05,PASS
prepacked_full_gemm,large_k,kernel_only,64,512,8192,"SME 1x4sym","C+=A*B, memset timed",0.470667,0.478897,0.459250,0.017873,151,NA,1140.660,NA,NA,4.348755e-04,1.681734e-06,4.106339e-05,PASS
prepacked_full_gemm,large_k,kernel_only,64,512,8192,"SME 4x1ZP","C+=A*B, memset timed",0.507709,0.526028,0.487542,0.034317,151,NA,1057.438,NA,NA,4.577637e-04,1.686416e-06,4.640860e-05,PASS
prepacked_full_gemm,large_k,kernel_only,64,512,8192,"SME 1x4Acc","C=A*B, no memset",0.390333,0.390747,0.387125,0.003958,151,NA,1375.418,NA,NA,0.000000e+00,0.000000e+00,1.943113e-04,PASS
prepacked_full_gemm,large_k,kernel_only,64,512,8192,"SME 1x4AccKc","C=A*B, no memset",0.397041,0.401648,0.388125,0.014044,151,NA,1352.180,NA,NA,0.000000e+00,0.000000e+00,1.943113e-04,PASS
prepacked_full_gemm,large_k,kernel_only,64,512,8192,"KAI 2VL","",0.377334,0.378863,0.372708,0.004346,151,NA,1422.800,NA,NA,0.000000e+00,0.000000e+00,1.943113e-04,PASS
prepacked_full_gemm,large_k,kernel_only,64,512,8192,"KAI 8VS","",0.400042,0.406912,0.390750,0.018185,151,NA,1342.036,NA,NA,0.000000e+00,0.000000e+00,1.943113e-04,PASS
panel_blocked,large_k,end_to_end,64,512,8192,"KAIpanel 2VL","Mc=256 Kc=2048 Nc=512",0.616000,0.623752,0.608209,0.017796,151,NA,871.544,0.326710,0.276874,4.348755e-04,1.681734e-06,4.106339e-05,PASS
panel_blocked,large_k,end_to_end,64,512,8192,"KAIpanel 8VS","Mc=256 Kc=2048 Nc=512",0.653333,0.656682,0.640208,0.015028,151,NA,821.742,0.385666,0.270834,4.348755e-04,1.681734e-06,4.106339e-05,PASS
ggml_cpu,large_k,end_to_end,64,512,8192,"llama-native","graph exec, default buft",15.366166,15.394607,15.249583,0.107702,23,NA,34.939,NA,NA,4.425049e-04,1.678784e-06,3.018074e-05,PASS
ggml_cpu,large_k,end_to_end,64,512,8192,"llama-native+setup","graph rebuild+exec",15.304208,15.329884,15.235500,0.098435,23,NA,35.080,NA,NA,4.425049e-04,1.678784e-06,3.018074e-05,PASS
ggml_cpu,large_k,end_to_end,64,512,8192,"llama-kleidiai","graph exec, CPU_KLEIDIAI buft",1.311875,1.329827,1.280625,0.053928,101,NA,409.239,NA,NA,0.000000e+00,0.000000e+00,1.943113e-04,PASS
ggml_cpu,large_k,end_to_end,64,512,8192,"llama-kleidiai+setup","graph rebuild+exec",1.324209,1.351233,1.290042,0.067035,101,NA,405.428,NA,NA,0.000000e+00,0.000000e+00,1.943113e-04,PASS
zero_only,large_k,zero_only,64,512,16384,"memset C","",0.000875,0.000867,0.000791,0.000022,51,NA,1227133.513,NA,NA,0.000000e+00,0.000000e+00,0.000000e+00,PASS
end_to_end,large_k,end_to_end,64,512,16384,"SME 4x1","C+=A*B, memset timed",1.519625,1.535737,1.480042,0.044518,151,NA,706.583,NA,NA,1.037598e-03,2.372064e-06,6.551094e-05,PASS
end_to_end,large_k,end_to_end,64,512,16384,"SME 2x2","C+=A*B, memset timed",1.492583,1.504260,1.483500,0.027961,151,NA,719.385,NA,NA,1.037598e-03,2.347306e-06,1.053525e-04,PASS
end_to_end,large_k,end_to_end,64,512,16384,"SME 1x4","C+=A*B, memset timed",1.533375,1.535831,1.510958,0.018590,151,NA,700.247,NA,NA,1.037598e-03,2.372064e-06,6.551094e-05,PASS
end_to_end,large_k,end_to_end,64,512,16384,"SME 1x4sym","C+=A*B, memset timed",1.496166,1.506333,1.475250,0.031579,151,NA,717.662,NA,NA,1.037598e-03,2.372064e-06,6.551094e-05,PASS
end_to_end,large_k,end_to_end,64,512,16384,"SME 4x1ZP","C+=A*B, memset timed",1.486875,1.503050,1.472209,0.036510,151,NA,722.147,NA,NA,1.037598e-03,2.347306e-06,1.053525e-04,PASS
end_to_end,large_k,end_to_end,64,512,16384,"SME 1x4ZAIO","C+=A*B, memset timed",1.678958,1.731547,1.620125,0.105355,151,NA,639.529,NA,NA,0.000000e+00,0.000000e+00,1.445445e-04,PASS
end_to_end,large_k,end_to_end,64,512,16384,"SME 1x4Acc","C=A*B, no memset",1.323708,1.327670,1.241583,0.072803,151,NA,811.162,NA,NA,0.000000e+00,0.000000e+00,1.445445e-04,PASS
end_to_end,large_k,end_to_end,64,512,16384,"SME 1x4AccKc","C=A*B, no memset",1.355750,1.363251,1.261083,0.085618,151,NA,791.991,NA,NA,0.000000e+00,0.000000e+00,1.445445e-04,PASS
end_to_end,large_k,end_to_end,64,512,16384,"KAI 2VL","",2.123625,2.162317,2.093916,0.090806,151,NA,505.617,NA,NA,0.000000e+00,0.000000e+00,1.445445e-04,PASS
end_to_end,large_k,end_to_end,64,512,16384,"KAI 8VS","",2.202750,2.225128,2.150709,0.069013,151,NA,487.455,NA,NA,0.000000e+00,0.000000e+00,1.445445e-04,PASS
end_to_end,large_k,end_to_end,64,512,16384,"Accelerate","",1.253042,1.258440,1.243417,0.020837,151,NA,856.908,NA,NA,0.000000e+00,0.000000e+00,1.445445e-04,PASS
prepacked_full_gemm,large_k,kernel_only,64,512,16384,"SME 4x1","C+=A*B, memset timed",1.036917,1.059295,1.017334,0.050025,151,NA,1035.514,NA,NA,1.037598e-03,2.372064e-06,6.551094e-05,PASS
prepacked_full_gemm,large_k,kernel_only,64,512,16384,"SME 2x2","C+=A*B, memset timed",1.197666,1.207707,1.188542,0.025750,151,NA,896.529,NA,NA,1.037598e-03,2.347306e-06,1.053525e-04,PASS
prepacked_full_gemm,large_k,kernel_only,64,512,16384,"SME 1x4","C+=A*B, memset timed",1.108916,1.119279,1.101000,0.030057,151,NA,968.281,NA,NA,1.037598e-03,2.372064e-06,6.551094e-05,PASS
prepacked_full_gemm,large_k,kernel_only,64,512,16384,"SME 1x4sym","C+=A*B, memset timed",1.013917,1.021040,1.002833,0.019694,151,NA,1059.004,NA,NA,1.037598e-03,2.372064e-06,6.551094e-05,PASS
prepacked_full_gemm,large_k,kernel_only,64,512,16384,"SME 4x1ZP","C+=A*B, memset timed",1.107833,1.118524,1.094750,0.033229,151,NA,969.227,NA,NA,1.037598e-03,2.347306e-06,1.053525e-04,PASS
prepacked_full_gemm,large_k,kernel_only,64,512,16384,"SME 1x4Acc","C=A*B, no memset",0.959708,0.967966,0.951542,0.027416,151,NA,1118.821,NA,NA,0.000000e+00,0.000000e+00,1.445445e-04,PASS
prepacked_full_gemm,large_k,kernel_only,64,512,16384,"SME 1x4AccKc","C=A*B, no memset",0.965792,0.983184,0.950833,0.047054,151,NA,1111.773,NA,NA,0.000000e+00,0.000000e+00,1.445445e-04,PASS
prepacked_full_gemm,large_k,kernel_only,64,512,16384,"KAI 2VL","",0.815625,0.833412,0.802084,0.039442,151,NA,1316.465,NA,NA,0.000000e+00,0.000000e+00,1.445445e-04,PASS
prepacked_full_gemm,large_k,kernel_only,64,512,16384,"KAI 8VS","",0.850709,0.860058,0.843917,0.026598,151,NA,1262.173,NA,NA,0.000000e+00,0.000000e+00,1.445445e-04,PASS
panel_blocked,large_k,end_to_end,64,512,16384,"KAIpanel 2VL","Mc=64 Kc=2048 Nc=512",1.260250,1.268762,1.248167,0.023093,151,NA,852.007,0.686249,0.563707,1.037598e-03,2.372064e-06,6.551094e-05,PASS
panel_blocked,large_k,end_to_end,64,512,16384,"KAIpanel 8VS","Mc=256 Kc=2048 Nc=512",1.388916,1.403099,1.348333,0.041183,151,NA,773.079,0.808082,0.547417,1.037598e-03,2.372064e-06,6.551094e-05,PASS
ggml_cpu,large_k,end_to_end,64,512,16384,"llama-native","graph exec, default buft",34.295833,34.300454,34.024125,0.131219,11,NA,31.308,NA,NA,9.765625e-04,2.364481e-06,6.723617e-05,PASS
ggml_cpu,large_k,end_to_end,64,512,16384,"llama-native+setup","graph rebuild+exec",33.994416,34.077852,33.903833,0.196037,11,NA,31.586,NA,NA,9.765625e-04,2.364481e-06,6.723617e-05,PASS
ggml_cpu,large_k,end_to_end,64,512,16384,"llama-kleidiai","graph exec, CPU_KLEIDIAI buft",2.720291,2.742960,2.669459,0.078752,101,NA,394.716,NA,NA,0.000000e+00,0.000000e+00,1.445445e-04,PASS
ggml_cpu,large_k,end_to_end,64,512,16384,"llama-kleidiai+setup","graph rebuild+exec",2.731125,2.773540,2.678583,0.112840,101,NA,393.150,NA,NA,0.000000e+00,0.000000e+00,1.445445e-04,PASS
zero_only,large_k,zero_only,64,512,32768,"memset C","",0.000875,0.000870,0.000792,0.000016,51,NA,2454267.026,NA,NA,0.000000e+00,0.000000e+00,0.000000e+00,PASS
end_to_end,large_k,end_to_end,64,512,32768,"SME 4x1","C+=A*B, memset timed",3.027792,3.046030,2.995291,0.055178,117,NA,709.257,NA,NA,1.831055e-03,3.362644e-06,1.614272e-04,PASS
end_to_end,large_k,end_to_end,64,512,32768,"SME 2x2","C+=A*B, memset timed",2.973021,2.998507,2.958541,0.055572,118,NA,722.324,NA,NA,1.815796e-03,3.322564e-06,6.618905e-05,PASS
end_to_end,large_k,end_to_end,64,512,32768,"SME 1x4","C+=A*B, memset timed",3.071688,3.083361,3.043083,0.043339,108,NA,699.122,NA,NA,1.831055e-03,3.362644e-06,1.614272e-04,PASS
end_to_end,large_k,end_to_end,64,512,32768,"SME 1x4sym","C+=A*B, memset timed",2.998521,3.020525,2.968250,0.059269,118,NA,716.181,NA,NA,1.831055e-03,3.362644e-06,1.614272e-04,PASS
end_to_end,large_k,end_to_end,64,512,32768,"SME 4x1ZP","C+=A*B, memset timed",2.961292,2.984269,2.947333,0.055028,115,NA,725.185,NA,NA,1.815796e-03,3.322564e-06,6.618905e-05,PASS
end_to_end,large_k,end_to_end,64,512,32768,"SME 1x4ZAIO","C+=A*B, memset timed",4.904292,4.981923,4.766833,0.224596,73,NA,437.878,NA,NA,0.000000e+00,0.000000e+00,6.382517e-04,PASS
end_to_end,large_k,end_to_end,64,512,32768,"SME 1x4Acc","C=A*B, no memset",3.438333,3.481406,3.221542,0.210425,105,NA,624.571,NA,NA,0.000000e+00,0.000000e+00,6.382517e-04,PASS
end_to_end,large_k,end_to_end,64,512,32768,"SME 1x4AccKc","C=A*B, no memset",3.326688,3.385103,3.166833,0.186937,104,NA,645.532,NA,NA,0.000000e+00,0.000000e+00,6.382517e-04,PASS
end_to_end,large_k,end_to_end,64,512,32768,"KAI 2VL","",4.888479,4.943944,4.821250,0.141161,72,NA,439.295,NA,NA,0.000000e+00,0.000000e+00,6.382517e-04,PASS
end_to_end,large_k,end_to_end,64,512,32768,"KAI 8VS","",4.936833,5.006568,4.891250,0.153160,69,NA,434.992,NA,NA,0.000000e+00,0.000000e+00,6.382517e-04,PASS
end_to_end,large_k,end_to_end,64,512,32768,"Accelerate","",2.519188,2.543932,2.492000,0.061300,140,NA,852.451,NA,NA,0.000000e+00,0.000000e+00,6.382517e-04,PASS
prepacked_full_gemm,large_k,kernel_only,64,512,32768,"SME 4x1","C+=A*B, memset timed",2.073250,2.103854,2.057625,0.067976,151,NA,1035.805,NA,NA,1.831055e-03,3.362644e-06,1.614272e-04,PASS
prepacked_full_gemm,large_k,kernel_only,64,512,32768,"SME 2x2","C+=A*B, memset timed",2.376500,2.392726,2.362541,0.043857,148,NA,903.633,NA,NA,1.815796e-03,3.322564e-06,6.618905e-05,PASS
prepacked_full_gemm,large_k,kernel_only,64,512,32768,"SME 1x4","C+=A*B, memset timed",2.227167,2.250411,2.216500,0.053353,151,NA,964.222,NA,NA,1.831055e-03,3.362644e-06,1.614272e-04,PASS
prepacked_full_gemm,large_k,kernel_only,64,512,32768,"SME 1x4sym","C+=A*B, memset timed",2.029958,2.050384,2.017000,0.045772,151,NA,1057.896,NA,NA,1.831055e-03,3.362644e-06,1.614272e-04,PASS
prepacked_full_gemm,large_k,kernel_only,64,512,32768,"SME 4x1ZP","C+=A*B, memset timed",2.216083,2.238913,2.204750,0.060653,151,NA,969.045,NA,NA,1.815796e-03,3.322564e-06,6.618905e-05,PASS
prepacked_full_gemm,large_k,kernel_only,64,512,32768,"SME 1x4Acc","C=A*B, no memset",2.555646,2.596413,2.531250,0.086880,136,NA,840.290,NA,NA,0.000000e+00,0.000000e+00,6.382517e-04,PASS
prepacked_full_gemm,large_k,kernel_only,64,512,32768,"SME 1x4AccKc","C=A*B, no memset",2.576875,2.617502,2.533459,0.098723,121,NA,833.367,NA,NA,0.000000e+00,0.000000e+00,6.382517e-04,PASS
prepacked_full_gemm,large_k,kernel_only,64,512,32768,"KAI 2VL","",2.291333,2.321681,2.265416,0.081675,151,NA,937.220,NA,NA,0.000000e+00,0.000000e+00,6.382517e-04,PASS
prepacked_full_gemm,large_k,kernel_only,64,512,32768,"KAI 8VS","",2.281666,2.324694,2.260041,0.106353,151,NA,941.191,NA,NA,0.000000e+00,0.000000e+00,6.382517e-04,PASS
panel_blocked,large_k,end_to_end,64,512,32768,"KAIpanel 2VL","Mc=64 Kc=2048 Nc=512",2.525291,2.544232,2.503292,0.047503,129,NA,850.391,1.348208,1.117291,1.831055e-03,3.362644e-06,1.614272e-04,PASS
panel_blocked,large_k,end_to_end,64,512,32768,"KAIpanel 8VS","Mc=64 Kc=2048 Nc=512",2.784438,2.810770,2.741458,0.067577,126,NA,771.245,1.626706,1.091624,1.831055e-03,3.362644e-06,1.614272e-04,PASS
ggml_cpu,large_k,end_to_end,64,512,32768,"llama-native","graph exec, default buft",72.849000,72.821658,72.697542,0.073264,5,NA,29.479,NA,NA,1.754761e-03,3.385220e-06,1.218131e-04,PASS
ggml_cpu,large_k,end_to_end,64,512,32768,"llama-native+setup","graph rebuild+exec",72.986083,73.239950,72.750958,0.629735,5,NA,29.423,NA,NA,1.754761e-03,3.385220e-06,1.218131e-04,PASS
ggml_cpu,large_k,end_to_end,64,512,32768,"llama-kleidiai","graph exec, CPU_KLEIDIAI buft",6.294979,6.339525,6.067917,0.171127,56,NA,341.142,NA,NA,0.000000e+00,0.000000e+00,6.382517e-04,PASS
ggml_cpu,large_k,end_to_end,64,512,32768,"llama-kleidiai+setup","graph rebuild+exec",6.287583,6.314043,6.013625,0.150449,56,NA,341.544,NA,NA,0.000000e+00,0.000000e+00,6.382517e-04,PASS
zero_only,large_k,zero_only,128,512,8192,"memset C","",0.001750,0.001761,0.001708,0.000022,51,NA,613566.757,NA,NA,0.000000e+00,0.000000e+00,0.000000e+00,PASS
end_to_end,large_k,end_to_end,128,512,8192,"SME 4x1","C+=A*B, memset timed",1.209834,1.222127,1.176167,0.031761,151,NA,887.512,NA,NA,4.348755e-04,1.686271e-06,5.253203e-05,PASS
end_to_end,large_k,end_to_end,128,512,8192,"SME 2x2","C+=A*B, memset timed",1.146083,1.150409,1.126792,0.021230,151,NA,936.880,NA,NA,4.577637e-04,1.691028e-06,4.640860e-05,PASS
end_to_end,large_k,end_to_end,128,512,8192,"SME 1x4","C+=A*B, memset timed",1.186583,1.194633,1.142875,0.032197,151,NA,904.902,NA,NA,4.348755e-04,1.686271e-06,5.253203e-05,PASS
end_to_end,large_k,end_to_end,128,512,8192,"SME 1x4sym","C+=A*B, memset timed",1.152833,1.164160,1.113500,0.045598,151,NA,931.394,NA,NA,4.348755e-04,1.686271e-06,5.253203e-05,PASS
end_to_end,large_k,end_to_end,128,512,8192,"SME 4x1ZP","C+=A*B, memset timed",1.161125,1.161478,1.123166,0.025187,151,NA,924.743,NA,NA,4.577637e-04,1.691028e-06,4.640860e-05,PASS
end_to_end,large_k,end_to_end,128,512,8192,"SME 1x4ZAIO","C+=A*B, memset timed",1.300500,1.296475,1.165208,0.055405,151,NA,825.638,NA,NA,0.000000e+00,0.000000e+00,1.943113e-04,PASS
end_to_end,large_k,end_to_end,128,512,8192,"SME 1x4Acc","C=A*B, no memset",1.211250,1.251605,1.074125,0.135994,151,NA,886.474,NA,NA,0.000000e+00,0.000000e+00,1.943113e-04,PASS
end_to_end,large_k,end_to_end,128,512,8192,"SME 1x4AccKc","C=A*B, no memset",1.278333,1.283922,1.067125,0.125079,151,NA,839.955,NA,NA,0.000000e+00,0.000000e+00,1.943113e-04,PASS
end_to_end,large_k,end_to_end,128,512,8192,"KAI 2VL","",1.437542,1.454757,1.389375,0.057947,151,NA,746.929,NA,NA,0.000000e+00,0.000000e+00,1.943113e-04,PASS
end_to_end,large_k,end_to_end,128,512,8192,"KAI 8VS","",1.489667,1.509263,1.424750,0.063904,151,NA,720.793,NA,NA,0.000000e+00,0.000000e+00,1.943113e-04,PASS
end_to_end,large_k,end_to_end,128,512,8192,"Accelerate","",0.903333,0.922137,0.887916,0.037794,151,NA,1188.645,NA,NA,0.000000e+00,0.000000e+00,1.943113e-04,PASS
prepacked_full_gemm,large_k,kernel_only,128,512,8192,"SME 4x1","C+=A*B, memset timed",0.835209,0.845760,0.813000,0.027498,151,NA,1285.597,NA,NA,4.348755e-04,1.686271e-06,5.253203e-05,PASS
prepacked_full_gemm,large_k,kernel_only,128,512,8192,"SME 2x2","C+=A*B, memset timed",0.954667,0.958774,0.941125,0.016214,151,NA,1124.729,NA,NA,4.577637e-04,1.691028e-06,4.640860e-05,PASS
prepacked_full_gemm,large_k,kernel_only,128,512,8192,"SME 1x4","C+=A*B, memset timed",0.900167,0.906999,0.873625,0.027531,151,NA,1192.825,NA,NA,4.348755e-04,1.686271e-06,5.253203e-05,PASS
prepacked_full_gemm,large_k,kernel_only,128,512,8192,"SME 1x4sym","C+=A*B, memset timed",0.832959,0.842786,0.814042,0.024110,151,NA,1289.069,NA,NA,4.348755e-04,1.686271e-06,5.253203e-05,PASS
prepacked_full_gemm,large_k,kernel_only,128,512,8192,"SME 4x1ZP","C+=A*B, memset timed",1.049541,1.049747,1.017750,0.014951,151,NA,1023.058,NA,NA,4.577637e-04,1.691028e-06,4.640860e-05,PASS
prepacked_full_gemm,large_k,kernel_only,128,512,8192,"SME 1x4Acc","C=A*B, no memset",0.687584,0.691789,0.681833,0.012578,151,NA,1561.615,NA,NA,0.000000e+00,0.000000e+00,1.943113e-04,PASS
prepacked_full_gemm,large_k,kernel_only,128,512,8192,"SME 1x4AccKc","C=A*B, no memset",0.686250,0.690596,0.680041,0.013395,151,NA,1564.651,NA,NA,0.000000e+00,0.000000e+00,1.943113e-04,PASS
prepacked_full_gemm,large_k,kernel_only,128,512,8192,"KAI 2VL","",0.675083,0.684047,0.655167,0.023466,151,NA,1590.533,NA,NA,0.000000e+00,0.000000e+00,1.943113e-04,PASS
prepacked_full_gemm,large_k,kernel_only,128,512,8192,"KAI 8VS","",0.679875,0.679538,0.671958,0.005708,151,NA,1579.322,NA,NA,0.000000e+00,0.000000e+00,1.943113e-04,PASS
panel_blocked,large_k,end_to_end,128,512,8192,"KAIpanel 2VL","Mc=256 Kc=2048 Nc=512",0.987958,0.996408,0.978708,0.024014,151,NA,1086.829,0.409083,0.558876,4.348755e-04,1.686271e-06,5.253203e-05,PASS
panel_blocked,large_k,end_to_end,128,512,8192,"KAIpanel 8VS","Mc=256 Kc=2048 Nc=512",1.029291,1.040921,0.989334,0.037237,151,NA,1043.186,0.465459,0.545459,4.348755e-04,1.686271e-06,5.253203e-05,PASS
ggml_cpu,large_k,end_to_end,128,512,8192,"llama-native","graph exec, default buft",30.451938,30.566233,30.388541,0.192219,12,NA,35.260,NA,NA,4.425049e-04,1.679956e-06,3.058720e-05,PASS
ggml_cpu,large_k,end_to_end,128,512,8192,"llama-native+setup","graph rebuild+exec",30.468834,30.474181,30.358792,0.091506,12,NA,35.241,NA,NA,4.425049e-04,1.679956e-06,3.058720e-05,PASS
ggml_cpu,large_k,end_to_end,128,512,8192,"llama-kleidiai","graph exec, CPU_KLEIDIAI buft",1.607792,1.625615,1.583917,0.050532,101,NA,667.836,NA,NA,0.000000e+00,0.000000e+00,1.943113e-04,PASS
ggml_cpu,large_k,end_to_end,128,512,8192,"llama-kleidiai+setup","graph rebuild+exec",1.603667,1.624949,1.578750,0.052711,101,NA,669.554,NA,NA,0.000000e+00,0.000000e+00,1.943113e-04,PASS
zero_only,large_k,zero_only,128,512,16384,"memset C","",0.001792,0.001784,0.001708,0.000022,51,NA,1198372.571,NA,NA,0.000000e+00,0.000000e+00,0.000000e+00,PASS
end_to_end,large_k,end_to_end,128,512,16384,"SME 4x1","C+=A*B, memset timed",2.448083,2.460503,2.421375,0.039245,145,NA,877.210,NA,NA,1.037598e-03,2.380409e-06,7.222689e-05,PASS
end_to_end,large_k,end_to_end,128,512,16384,"SME 2x2","C+=A*B, memset timed",2.382542,2.406808,2.358083,0.051206,148,NA,901.342,NA,NA,1.037598e-03,2.352629e-06,4.073820e-05,PASS
end_to_end,large_k,end_to_end,128,512,16384,"SME 1x4","C+=A*B, memset timed",2.476417,2.492526,2.436209,0.049097,143,NA,867.174,NA,NA,1.037598e-03,2.380409e-06,7.222689e-05,PASS
end_to_end,large_k,end_to_end,128,512,16384,"SME 1x4sym","C+=A*B, memset timed",2.403625,2.415584,2.374334,0.041826,147,NA,893.435,NA,NA,1.037598e-03,2.380409e-06,7.222689e-05,PASS
end_to_end,large_k,end_to_end,128,512,16384,"SME 4x1ZP","C+=A*B, memset timed",2.382708,2.420123,2.364833,0.189490,148,NA,901.278,NA,NA,1.037598e-03,2.352629e-06,4.073820e-05,PASS
end_to_end,large_k,end_to_end,128,512,16384,"SME 1x4ZAIO","C+=A*B, memset timed",3.040709,3.104452,2.962916,0.156427,111,NA,706.244,NA,NA,0.000000e+00,0.000000e+00,2.990809e-04,PASS
end_to_end,large_k,end_to_end,128,512,16384,"SME 1x4Acc","C=A*B, no memset",2.118875,2.178370,2.008833,0.160104,151,NA,1013.502,NA,NA,0.000000e+00,0.000000e+00,2.990809e-04,PASS
end_to_end,large_k,end_to_end,128,512,16384,"SME 1x4AccKc","C=A*B, no memset",2.134458,2.168161,1.980792,0.146253,133,NA,1006.103,NA,NA,0.000000e+00,0.000000e+00,2.990809e-04,PASS
end_to_end,large_k,end_to_end,128,512,16384,"KAI 2VL","",3.229417,3.263341,3.183500,0.090064,109,NA,664.976,NA,NA,0.000000e+00,0.000000e+00,2.990809e-04,PASS
end_to_end,large_k,end_to_end,128,512,16384,"KAI 8VS","",3.215750,3.285852,3.143542,0.169184,109,NA,667.802,NA,NA,0.000000e+00,0.000000e+00,2.990809e-04,PASS
end_to_end,large_k,end_to_end,128,512,16384,"Accelerate","",1.887792,1.900335,1.870500,0.036860,151,NA,1137.564,NA,NA,0.000000e+00,0.000000e+00,2.990809e-04,PASS
prepacked_full_gemm,large_k,kernel_only,128,512,16384,"SME 4x1","C+=A*B, memset timed",1.705125,1.719170,1.669583,0.039048,151,NA,1259.429,NA,NA,1.037598e-03,2.380409e-06,7.222689e-05,PASS
prepacked_full_gemm,large_k,kernel_only,128,512,16384,"SME 2x2","C+=A*B, memset timed",1.955458,1.969076,1.935458,0.041184,151,NA,1098.200,NA,NA,1.037598e-03,2.352629e-06,4.073820e-05,PASS
prepacked_full_gemm,large_k,kernel_only,128,512,16384,"SME 1x4","C+=A*B, memset timed",1.863250,1.878296,1.853334,0.038242,151,NA,1152.547,NA,NA,1.037598e-03,2.380409e-06,7.222689e-05,PASS
prepacked_full_gemm,large_k,kernel_only,128,512,16384,"SME 1x4sym","C+=A*B, memset timed",1.683208,1.689897,1.670708,0.019895,151,NA,1275.828,NA,NA,1.037598e-03,2.380409e-06,7.222689e-05,PASS
prepacked_full_gemm,large_k,kernel_only,128,512,16384,"SME 4x1ZP","C+=A*B, memset timed",2.174000,2.180319,2.148417,0.019832,151,NA,987.803,NA,NA,1.037598e-03,2.352629e-06,4.073820e-05,PASS
prepacked_full_gemm,large_k,kernel_only,128,512,16384,"SME 1x4Acc","C=A*B, no memset",1.944792,1.976144,1.895167,0.082761,151,NA,1104.223,NA,NA,0.000000e+00,0.000000e+00,2.990809e-04,PASS
prepacked_full_gemm,large_k,kernel_only,128,512,16384,"SME 1x4AccKc","C=A*B, no memset",1.972208,1.989323,1.894625,0.073277,151,NA,1088.873,NA,NA,0.000000e+00,0.000000e+00,2.990809e-04,PASS
prepacked_full_gemm,large_k,kernel_only,128,512,16384,"KAI 2VL","",1.707667,1.729063,1.692666,0.055416,151,NA,1257.554,NA,NA,0.000000e+00,0.000000e+00,2.990809e-04,PASS
prepacked_full_gemm,large_k,kernel_only,128,512,16384,"KAI 8VS","",1.628416,1.669219,1.589041,0.104501,151,NA,1318.756,NA,NA,0.000000e+00,0.000000e+00,2.990809e-04,PASS
panel_blocked,large_k,end_to_end,128,512,16384,"KAIpanel 2VL","Mc=256 Kc=2048 Nc=512",2.014375,2.029424,1.997167,0.041263,151,NA,1066.079,0.846040,1.116917,1.037598e-03,2.380409e-06,7.222689e-05,PASS
panel_blocked,large_k,end_to_end,128,512,16384,"KAIpanel 8VS","Mc=128 Kc=2048 Nc=512",2.104083,2.127563,2.071583,0.065944,151,NA,1020.627,1.011288,1.132126,1.037598e-03,2.380409e-06,7.222689e-05,PASS
ggml_cpu,large_k,end_to_end,128,512,16384,"llama-native","graph exec, default buft",68.082917,68.024819,67.726708,0.235985,6,NA,31.542,NA,NA,9.765625e-04,2.372017e-06,7.791251e-05,PASS
ggml_cpu,large_k,end_to_end,128,512,16384,"llama-native+setup","graph rebuild+exec",68.061895,68.227576,67.813333,0.443425,6,NA,31.552,NA,NA,9.765625e-04,2.372017e-06,7.791251e-05,PASS
ggml_cpu,large_k,end_to_end,128,512,16384,"llama-kleidiai","graph exec, CPU_KLEIDIAI buft",3.621875,3.665787,3.560750,0.126004,97,NA,592.920,NA,NA,0.000000e+00,0.000000e+00,2.990809e-04,PASS
ggml_cpu,large_k,end_to_end,128,512,16384,"llama-kleidiai+setup","graph rebuild+exec",3.638208,3.698035,3.587375,0.148755,91,NA,590.259,NA,NA,0.000000e+00,0.000000e+00,2.990809e-04,PASS
zero_only,large_k,zero_only,128,512,32768,"memset C","",0.001750,0.001887,0.001666,0.000922,51,NA,2454267.026,NA,NA,0.000000e+00,0.000000e+00,0.000000e+00,PASS
end_to_end,large_k,end_to_end,128,512,32768,"SME 4x1","C+=A*B, memset timed",4.923938,4.952634,4.866750,0.076266,72,NA,872.263,NA,NA,1.831055e-03,3.343817e-06,1.539294e-04,PASS
end_to_end,large_k,end_to_end,128,512,32768,"SME 2x2","C+=A*B, memset timed",4.766250,4.800315,4.729292,0.082346,74,NA,901.121,NA,NA,1.815796e-03,3.306903e-06,8.694558e-05,PASS
end_to_end,large_k,end_to_end,128,512,32768,"SME 1x4","C+=A*B, memset timed",4.955021,4.982621,4.911208,0.068501,68,NA,866.791,NA,NA,1.831055e-03,3.343817e-06,1.539294e-04,PASS
end_to_end,large_k,end_to_end,128,512,32768,"SME 1x4sym","C+=A*B, memset timed",4.825375,4.850234,4.771208,0.072676,73,NA,890.079,NA,NA,1.831055e-03,3.343817e-06,1.539294e-04,PASS
end_to_end,large_k,end_to_end,128,512,32768,"SME 4x1ZP","C+=A*B, memset timed",4.757938,4.820838,4.735167,0.200775,74,NA,902.695,NA,NA,1.815796e-03,3.306903e-06,8.694558e-05,PASS
end_to_end,large_k,end_to_end,128,512,32768,"SME 1x4ZAIO","C+=A*B, memset timed",7.728855,7.837749,7.644083,0.219527,46,NA,555.706,NA,NA,0.000000e+00,0.000000e+00,8.056936e-04,PASS
end_to_end,large_k,end_to_end,128,512,32768,"SME 1x4Acc","C=A*B, no memset",5.923250,5.973834,5.767125,0.199073,59,NA,725.103,NA,NA,0.000000e+00,0.000000e+00,8.056936e-04,PASS
end_to_end,large_k,end_to_end,128,512,32768,"SME 1x4AccKc","C=A*B, no memset",5.978417,6.045039,5.858500,0.190350,54,NA,718.412,NA,NA,0.000000e+00,0.000000e+00,8.056936e-04,PASS
end_to_end,large_k,end_to_end,128,512,32768,"KAI 2VL","",7.766084,7.845867,7.652208,0.212719,46,NA,553.042,NA,NA,0.000000e+00,0.000000e+00,8.056936e-04,PASS
end_to_end,large_k,end_to_end,128,512,32768,"KAI 8VS","",7.880375,8.022361,7.819875,0.252770,45,NA,545.021,NA,NA,0.000000e+00,0.000000e+00,8.056936e-04,PASS
end_to_end,large_k,end_to_end,128,512,32768,"Accelerate","",3.791000,3.807696,3.750041,0.055020,89,NA,1132.938,NA,NA,0.000000e+00,0.000000e+00,8.056936e-04,PASS
prepacked_full_gemm,large_k,kernel_only,128,512,32768,"SME 4x1","C+=A*B, memset timed",3.414458,3.451519,3.390542,0.074204,97,NA,1257.877,NA,NA,1.831055e-03,3.343817e-06,1.539294e-04,PASS
prepacked_full_gemm,large_k,kernel_only,128,512,32768,"SME 2x2","C+=A*B, memset timed",3.917958,3.931337,3.883833,0.046654,90,NA,1096.226,NA,NA,1.815796e-03,3.306903e-06,8.694558e-05,PASS
prepacked_full_gemm,large_k,kernel_only,128,512,32768,"SME 1x4","C+=A*B, memset timed",3.770812,3.807602,3.718917,0.095610,94,NA,1139.003,NA,NA,1.831055e-03,3.343817e-06,1.539294e-04,PASS
prepacked_full_gemm,large_k,kernel_only,128,512,32768,"SME 1x4sym","C+=A*B, memset timed",3.427500,3.440795,3.360291,0.057099,103,NA,1253.090,NA,NA,1.831055e-03,3.343817e-06,1.539294e-04,PASS
prepacked_full_gemm,large_k,kernel_only,128,512,32768,"SME 4x1ZP","C+=A*B, memset timed",4.435625,4.445248,4.349792,0.063737,81,NA,968.289,NA,NA,1.815796e-03,3.306903e-06,8.694558e-05,PASS
prepacked_full_gemm,large_k,kernel_only,128,512,32768,"SME 1x4Acc","C=A*B, no memset",5.067625,5.136656,4.721583,0.273219,57,NA,847.531,NA,NA,0.000000e+00,0.000000e+00,8.056936e-04,PASS
prepacked_full_gemm,large_k,kernel_only,128,512,32768,"SME 1x4AccKc","C=A*B, no memset",4.492792,4.617850,4.416625,0.243999,71,NA,955.968,NA,NA,0.000000e+00,0.000000e+00,8.056936e-04,PASS
prepacked_full_gemm,large_k,kernel_only,128,512,32768,"KAI 2VL","",4.999333,5.044758,4.624042,0.320543,62,NA,859.108,NA,NA,0.000000e+00,0.000000e+00,8.056936e-04,PASS
prepacked_full_gemm,large_k,kernel_only,128,512,32768,"KAI 8VS","",5.017375,5.131344,4.884708,0.246449,70,NA,856.019,NA,NA,0.000000e+00,0.000000e+00,8.056936e-04,PASS
panel_blocked,large_k,end_to_end,128,512,32768,"KAIpanel 2VL","Mc=256 Kc=2048 Nc=512",4.239000,4.211408,4.024000,0.120727,83,NA,1013.203,1.735918,2.254960,1.831055e-03,3.343817e-06,1.539294e-04,PASS
panel_blocked,large_k,end_to_end,128,512,32768,"KAIpanel 8VS","Mc=128 Kc=2048 Nc=512",4.240021,4.252804,4.170250,0.062929,84,NA,1012.959,1.954579,2.173042,1.831055e-03,3.343817e-06,1.539294e-04,PASS
ggml_cpu,large_k,end_to_end,128,512,32768,"llama-native","graph exec, default buft",148.227583,148.581842,147.786500,1.010536,5,NA,28.975,NA,NA,1.754761e-03,3.369887e-06,1.153546e-04,PASS
ggml_cpu,large_k,end_to_end,128,512,32768,"llama-native+setup","graph rebuild+exec",146.830292,146.859200,146.573583,0.229912,5,NA,29.251,NA,NA,1.754761e-03,3.369887e-06,1.153546e-04,PASS
ggml_cpu,large_k,end_to_end,128,512,32768,"llama-kleidiai","graph exec, CPU_KLEIDIAI buft",9.090500,9.144273,8.821625,0.188655,39,NA,472.468,NA,NA,0.000000e+00,0.000000e+00,8.056936e-04,PASS
ggml_cpu,large_k,end_to_end,128,512,32768,"llama-kleidiai+setup","graph rebuild+exec",9.120708,9.237391,8.950125,0.262426,39,NA,470.903,NA,NA,0.000000e+00,0.000000e+00,8.056936e-04,PASS
